"","x"
"1",360288.104076918
"2",742535.731783235
"3",410865.543473963
"4",547719.821338274
"5",309227.318684534
"6",628435.197955212
"7",1132404.24468693
"8",530158.463666749
"9",333338.11860287
"10",678854.026171271
"11",477514.970010264
"12",449572.441341819
"13",466931.093068428
"14",462532.485107937
"15",478099.535970432
"16",821111.82238227
"17",714864.640713449
"18",320219.907296603
"19",715039.315635141
"20",318276.020839271
"21",615149.786411416
"22",331841.242882948
"23",545983.081821466
"24",537709.551541609
"25",645639.283797689
"26",382812.629935495
"27",1024542.46163803
"28",344913.74283283
"29",403168.634757964
"30",458173.173833339
"31",286792.850432073
"32",622524.677211724
"33",578944.961465959
"34",280022.034693979
"35",448525.029150573
"36",373952.867329658
"37",458406.591839784
"38",1015790.4285504
"39",938603.254229819
"40",471588.255004467
"41",538858.488097621
"42",270528.94266127
"43",408926.580037754
"44",655212.235360475
"45",281125.943554979
"46",1010546.44613636
"47",916207.400986326
"48",601932.230483303
"49",508286.915577991
"50",509321.697848019
"51",480362.697065252
"52",574511.178809202
"53",1158947.89963788
"54",1158947.89963788
"55",393522.087012968
"56",478099.535970432
"57",363645.349861265
"58",358232.42291819
"59",482635.682331545
"60",306577.413246247
"61",592372.963806766
"62",738839.265575018
"63",358624.217441954
"64",640295.435811731
"65",617162.290823021
"66",353691.502565901
"67",252282.192315768
"68",535126.873572677
"69",318739.823780065
"70",418719.638933531
"71",771897.469844152
"72",923631.853760518
"73",533450.781619107
"74",570741.317822987
"75",439854.995043409
"76",597812.9339434
"77",498821.655996843
"78",466931.093068428
"79",390077.275106679
"80",844124.190968487
"81",690081.97534472
"82",290310.884616006
"83",432842.536589487
"84",389487.313965507
"85",565762.563411979
"86",739060.56849192
"87",565601.633555402
"88",291503.211020263
"89",581517.237506907
"90",1130460.76263766
"91",647868.216278801
"92",331841.242882948
"93",290310.884616006
"94",327409.560752021
"95",330354.191334499
"96",614368.624468656
"97",439042.569585563
"98",552266.59397211
"99",391917.996828158
"100",258221.55513467
"101",1510588.04009379
"102",437800.997380857
"103",405078.125679754
"104",519211.888286682
"105",396663.201024908
"106",672108.544135836
"107",344091.325443568
"108",344091.325443568
"109",1360218.13528407
"110",323066.296164351
"111",2179728.34098774
"112",302676.236374865
"113",391917.996828158
"114",464726.877002446
"115",1798661.2575696
"116",550045.550680494
"117",1236318.48444233
"118",269523.275515001
"119",566996.430932681
"120",321638.189644741
"121",348824.935722493
"122",434899.390083373
"123",429775.67667017
"124",534681.764481202
"125",432842.536589487
"126",355325.916686446
"127",868906.314672707
"128",809556.211680525
"129",573642.529729948
"130",781710.872209513
"131",445331.020124898
"132",826717.399181093
"133",306577.413246247
"134",482635.682331545
"135",966997.241664367
"136",504634.095752458
"137",802760.50588061
"138",316024.005281029
"139",565125.596468729
"140",332588.452721475
"141",439214.005512187
"142",428758.302116134
"143",327409.560752021
"144",463132.912864727
"145",711746.776700474
"146",716381.603908387
"147",363645.349861265
"148",298863.47704674
"149",639865.291830971
"150",403168.634757964
"151",361961.814883355
"152",303966.804493853
"153",397052.779637164
"154",1212659.26761672
"155",502951.009155794
"156",507333.316216416
"157",497520.69290637
"158",335670.443218773
"159",517439.543660833
"160",561319.648347958
"161",1057867.96721838
"162",568379.394679829
"163",355325.916686446
"164",638169.813117533
"165",324504.226855435
"166",533602.258916099
"167",349271.562766289
"168",491825.865111448
"169",510317.583947903
"170",344091.325443568
"171",395628.912785534
"172",740161.222990285
"173",460347.917384902
"174",405078.125679754
"175",317412.815114748
"176",449572.441341819
"177",347252.087798454
"178",383528.005360221
"179",593331.284582432
"180",317412.815114748
"181",432737.861166039
"182",358624.217441954
"183",764120.342886893
"184",521345.227361793
"185",558264.360993449
"186",812975.973338007
"187",344091.325443568
"188",458173.173833339
"189",349888.791445758
"190",410865.543473963
"191",356970.154978464
"192",593331.284582432
"193",331841.242882948
"194",305267.196784313
"195",519334.298325414
"196",386425.304178141
"197",472303.917245474
"198",375705.171507879
"199",752739.970816307
"200",336361.342557133
"201",420707.723227105
"202",370477.731487635
"203",268527.432540205
"204",382812.629935495
"205",470879.071813355
"206",456008.25445325
"207",282239.676587452
"208",370477.731487635
"209",453853.159244633
"210",407272.411977632
"211",276769.253139819
"212",464885.28173058
"213",382812.629935495
"214",453853.159244633
"215",501978.45930505
"216",300124.572651309
"217",375705.171507879
"218",343470.527297783
"219",303966.804493853
"220",530405.374712637
"221",430795.507267074
"222",883283.659990383
"223",296370.758352022
"224",266565.219105032
"225",374312.078881091
"226",374742.850776537
"227",796004.096766586
"228",730601.323350424
"229",606046.570434399
"230",753045.294244057
"231",393391.378857924
"232",537709.551541609
"233",643675.386028231
"234",329340.596614055
"235",300124.572651309
"236",470557.751548622
"237",441128.895593869
"238",576288.833512217
"239",495411.287183365
"240",819823.451666447
"241",384614.054971081
"242",404881.00423833
"243",473602.686295211
"244",363689.420538332
"245",638043.439291714
"246",334844.818494265
"247",413170.794614466
"248",317412.815114748
"249",421228.193121916
"250",640078.015172148
"251",1195059.59405588
"252",547719.821338274
"253",565936.082204189
"254",537625.81478285
"255",410865.543473963
"256",527922.437064303
"257",273604.889128916
"258",599723.904432834
"259",436966.067748731
"260",466931.093068428
"261",988326.30603404
"262",526756.600183958
"263",472523.310105373
"264",660687.87896444
"265",505905.864425495
"266",678795.023719529
"267",568379.394679829
"268",555393.480055309
"269",578944.961465959
"270",727434.338480083
"271",409139.388251127
"272",399843.61172274
"273",277843.689486399
"274",498821.655996843
"275",381021.029071381
"276",489513.583159263
"277",339423.863197288
"278",443209.171587071
"279",822055.417836113
"280",387741.669748601
"281",836105.703777097
"282",467152.055004457
"283",578944.961465959
"284",317412.815114748
"285",678098.667874962
"286",586972.290356024
"287",663197.039813196
"288",1752752.53216635
"289",286792.850432073
"290",501490.468693801
"291",348847.205233106
"292",494147.971235107
"293",656307.682015876
"294",422705.631692153
"295",576531.595119187
"296",287955.704321911
"297",660246.186715262
"298",342525.680523335
"299",465121.083408478
"300",996525.154354936
"301",298863.47704674
"302",260914.358914866
"303",749809.540173404
"304",372210.38732291
"305",447446.818647622
"306",853848.260529744
"307",276769.253139819
"308",293917.336343197
"309",648541.016038258
"310",600547.655268927
"311",520339.533912571
"312",399379.125428803
"313",293917.336343197
"314",530560.162417186
"315",534681.764481202
"316",2282817.21323731
"317",373952.867329658
"318",414772.942860801
"319",557971.014637267
"320",399379.125428803
"321",779967.008674346
"322",775970.649539869
"323",341107.792495969
"324",424393.335147205
"325",453853.159244633
"326",317412.815114748
"327",547719.821338274
"328",358624.217441954
"329",409695.829056706
"330",542653.169717616
"331",426730.921136667
"332",373952.867329658
"333",617315.007975352
"334",687157.534769697
"335",639491.407563622
"336",345666.794535274
"337",273604.889128916
"338",615000.68544456
"339",447446.818647622
"340",541836.492510064
"341",373952.867329658
"342",515489.01406432
"343",339423.863197288
"344",344091.325443568
"345",300124.572651309
"346",538075.77234218
"347",390077.275106679
"348",436682.714393717
"349",522779.530093906
"350",316024.005281029
"351",289128.382383222
"352",425116.089756554
"353",416741.378811429
"354",950920.528091205
"355",475487.545905709
"356",461681.683505327
"357",382120.484546819
"358",484918.491769312
"359",419519.959620762
"360",487211.125378551
"361",291503.211020263
"362",623391.479851855
"363",1237567.75115718
"364",555393.480055309
"365",327409.560752021
"366",611084.780727035
"367",622779.09604617
"368",453853.159244633
"369",484918.491769312
"370",603411.762238054
"371",321638.189644741
"372",532637.756533976
"373",390631.329716486
"374",610539.722646021
"375",301395.49242735
"376",939318.557702184
"377",427857.314825492
"378",416741.378811429
"379",329382.343875122
"380",567505.785572753
"381",449572.441341819
"382",666251.410220648
"383",494147.971235107
"384",494147.971235107
"385",560454.267620924
"386",550149.319475813
"387",370477.731487635
"388",699417.951208241
"389",530158.463666749
"390",672108.544135836
"391",1854018.22226797
"392",363645.349861265
"393",717992.328897898
"394",809101.410625392
"395",382812.629935495
"396",464726.877002446
"397",345666.794535274
"398",475846.199047085
"399",532637.756533976
"400",262758.682292362
"401",911771.59173104
"402",376714.504689569
"403",693245.900223553
"404",298863.47704674
"405",399379.125428803
"406",688053.289822282
"407",352066.91261683
"408",466931.093068428
"409",515489.01406432
"410",275704.640964711
"411",327687.833644896
"412",627331.658490011
"413",377467.299857573
"414",324504.226855435
"415",552825.769644824
"416",412814.331081645
"417",336361.342557133
"418",406997.440773018
"419",515489.01406432
"420",330354.191334499
"421",325141.860329692
"422",1047767.44742892
"423",282239.676587452
"424",579003.854958642
"425",571006.050119152
"426",586350.413389987
"427",487211.125378551
"428",1435344.04342255
"429",890531.277678059
"430",439042.569585563
"431",760303.997521089
"432",498821.655996843
"433",705040.619340095
"434",416741.378811429
"435",428758.302116134
"436",627491.746714321
"437",356970.154978464
"438",537712.064588326
"439",530158.463666749
"440",441128.895593869
"441",392853.851505994
"442",489513.583159263
"443",419519.959620762
"444",581610.913591174
"445",363645.349861265
"446",568379.394679829
"447",583118.090691089
"448",672108.544135836
"449",390077.275106679
"450",631277.985166942
"451",1047767.44742892
"452",496426.843188739
"453",549473.34602538
"454",376654.749456643
"455",390077.275106679
"456",619481.296586045
"457",339423.863197288
"458",562314.859505767
"459",516815.730334838
"460",467525.043991412
"461",1191920.35371071
"462",300124.572651309
"463",703677.810886381
"464",508286.915577991
"465",474350.670686993
"466",775517.941977479
"467",454165.041247598
"468",268527.432540205
"469",283809.625555069
"470",540134.580164496
"471",809556.211680525
"472",382812.629935495
"473",504136.985885421
"474",544892.999303705
"475",665368.066862934
"476",524251.850125554
"477",557809.25270583
"478",568379.394679829
"479",447881.226913107
"480",583118.090691089
"481",291503.211020263
"482",458173.173833339
"483",451259.815163732
"484",1455759.01757238
"485",601676.74207778
"486",355325.916686446
"487",390077.275106679
"488",741134.57157985
"489",408926.580037754
"490",272569.749468227
"491",633462.517029618
"492",510039.075774903
"493",309227.318684534
"494",422705.631692153
"495",803043.206087736
"496",361193.867574825
"497",592372.963806766
"498",1050612.55416434
"499",808269.933619336
"500",548926.837203995
"501",374085.377112527
"502",419693.182424102
"503",568379.394679829
"504",501451.258258085
"505",327409.560752021
"506",382812.629935495
"507",298863.47704674
"508",373667.071810536
"509",988326.30603404
"510",809556.211680525
"511",361961.814883355
"512",395628.912785534
"513",584286.689887863
"514",582316.161822472
"515",747884.871039778
"516",1029249.83923571
"517",1029249.83923571
"518",368754.899823833
"519",331841.242882948
"520",540134.580164496
"521",389569.125299695
"522",361961.814883355
"523",617162.290823021
"524",487570.233857673
"525",573642.529729948
"526",285639.820713708
"527",285639.820713708
"528",306577.413246247
"529",1002528.9173309
"530",520490.097624935
"531",368754.899823833
"532",1023725.73824119
"533",974532.670216571
"534",756556.566772344
"535",584001.199076908
"536",754583.291834679
"537",741983.929706819
"538",639865.291830971
"539",417956.146918423
"540",463427.724259095
"541",592372.963806766
"542",492086.945285192
"543",553415.565242143
"544",567035.514209222
"545",641796.037822525
"546",344091.325443568
"547",416741.378811429
"548",447446.818647622
"549",827924.073948408
"550",599752.11805369
"551",444557.471182512
"552",654373.953033814
"553",733778.132392238
"554",789710.112113577
"555",535809.649819396
"556",480362.697065252
"557",414772.942860801
"558",466931.093068428
"559",348847.205233106
"560",529514.614633536
"561",586972.290356024
"562",552825.769644824
"563",368754.899823833
"564",776147.453814664
"565",320219.907296603
"566",501699.716160155
"567",559277.944778507
"568",329606.041090634
"569",779839.745350762
"570",382812.629935495
"571",355325.916686446
"572",537625.81478285
"573",465121.083408478
"574",340887.121396053
"575",377467.299857573
"576",311916.520808713
"577",451010.971351959
"578",306577.413246247
"579",949926.899871588
"580",462532.485107937
"581",642747.375728593
"582",397499.107021432
"583",633462.517029618
"584",406997.440773018
"585",380397.823475509
"586",339423.863197288
"587",324504.226855435
"588",451707.88820749
"589",320219.907296603
"590",352066.91261683
"591",272569.749468227
"592",278927.950004453
"593",548934.518870888
"594",451914.497684042
"595",503534.637444471
"596",711659.754999002
"597",449572.441341819
"598",510753.278864472
"599",557223.447198552
"600",551138.743347937
"601",501173.23463492
"602",865336.538771971
"603",505905.864425495
"604",388246.377556673
"605",310567.007660887
"606",606046.570434399
"607",293917.336343197
"608",513735.020503175
"609",432842.536589487
"610",586972.290356024
"611",1084493.14278493
"612",518502.013331361
"613",534605.99696714
"614",550794.496830631
"615",541639.11231811
"616",307897.453879654
"617",807500.926837008
"618",292705.361595994
"619",403168.634757964
"620",584196.393639194
"621",462532.485107937
"622",346755.04009473
"623",300124.572651309
"624",313275.858128012
"625",552825.769644824
"626",561902.884531953
"627",348847.205233106
"628",318811.449119939
"629",628993.586056135
"630",447446.818647622
"631",306577.413246247
"632",458173.173833339
"633",381021.029071381
"634",301395.49242735
"635",330354.191334499
"636",447050.892576826
"637",434421.396143949
"638",386425.304178141
"639",290310.884616006
"640",420543.527234398
"641",397499.107021432
"642",300124.572651309
"643",273604.889128916
"644",537709.551541609
"645",377467.299857573
"646",734370.532335089
"647",355325.916686446
"648",382837.649372581
"649",494147.971235107
"650",638040.699684169
"651",253930.032263803
"652",953722.631716204
"653",527688.994970995
"654",441128.895593869
"655",557740.270096167
"656",303966.804493853
"657",331841.242882948
"658",259109.332223262
"659",498821.655996843
"660",525229.350446714
"661",479394.902167459
"662",557971.014637267
"663",1031700.34461788
"664",488988.432171724
"665",384916.81519394
"666",264642.302355751
"667",810362.262008888
"668",384614.054971081
"669",645639.283797689
"670",584286.689887863
"671",337887.690791473
"672",543916.148558478
"673",1042670.08764903
"674",485847.318159785
"675",622333.481150546
"676",660246.186715262
"677",772568.094601098
"678",273604.889128916
"679",651452.572450299
"680",356993.809925356
"681",451707.88820749
"682",333338.11860287
"683",559836.633685296
"684",400700.983695989
"685",444054.093458842
"686",580669.559205456
"687",416741.378811429
"688",463000.308112384
"689",586922.15284172
"690",421274.266301141
"691",418610.807876189
"692",1208244.6129693
"693",479925.536802268
"694",708233.526604993
"695",391917.996828158
"696",441128.895593869
"697",515747.216844185
"698",402169.468224134
"699",543617.372440211
"700",1268018.64278366
"701",510677.790901961
"702",948575.815559065
"703",538258.786819062
"704",283363.233791397
"705",358624.217441954
"706",334844.818494265
"707",458173.173833339
"708",753045.294244057
"709",316024.005281029
"710",619158.844586923
"711",812968.800837693
"712",443225.045773647
"713",484288.106948268
"714",508218.002396371
"715",411595.32552276
"716",581610.913591174
"717",297612.205613645
"718",475846.199047085
"719",324780.432866749
"720",472012.366938598
"721",588685.408185393
"722",733778.132392238
"723",592372.963806766
"724",447951.690236751
"725",571006.050119152
"726",474776.795750439
"727",489513.583159263
"728",298863.47704674
"729",1703736.79829754
"730",443225.045773647
"731",375705.171507879
"732",278927.950004453
"733",859302.680415537
"734",1780327.34142835
"735",648541.016038258
"736",380779.858207204
"737",650657.059321926
"738",356970.154978464
"739",628435.197955212
"740",370477.731487635
"741",316024.005281029
"742",912509.91085644
"743",595088.036789347
"744",650681.568214452
"745",388576.862418372
"746",682086.099600458
"747",583118.090691089
"748",270528.94266127
"749",635397.967584306
"750",637281.609210238
"751",348847.205233106
"752",1170792.57924961
"753",961343.567919856
"754",517369.571843523
"755",648260.65324671
"756",289128.382383222
"757",579863.136658737
"758",796100.469873183
"759",746583.610274225
"760",532637.756533976
"761",543589.815869544
"762",426730.921136667
"763",524479.735164663
"764",324504.226855435
"765",298863.47704674
"766",298863.47704674
"767",345666.794535274
"768",719250.859081485
"769",271544.433979012
"770",653540.07836672
"771",331855.414226894
"772",883283.659990383
"773",538696.802935541
"774",634353.409008303
"775",278927.950004453
"776",657305.157788802
"777",316024.005281029
"778",617582.330011005
"779",447446.818647622
"780",310567.007660887
"781",712981.111948876
"782",404769.720389723
"783",428609.055789988
"784",350452.146839231
"785",372210.38732291
"786",471992.76172074
"787",487211.125378551
"788",487517.425094114
"789",336361.342557133
"790",585738.848507686
"791",494147.971235107
"792",792640.628466784
"793",705828.94483223
"794",543080.474380948
"795",553961.011757181
"796",573642.529729948
"797",503475.356587516
"798",660246.186715262
"799",266565.219105032
"800",916207.400986326
"801",347252.087798454
"802",619943.835892866
"803",443225.045773647
"804",501451.258258085
"805",806153.446694831
"806",385957.783049312
"807",716964.167366398
"808",643182.888587403
"809",365338.709010648
"810",384614.054971081
"811",634130.596550145
"812",478944.451647226
"813",491825.865111448
"814",733778.132392238
"815",365338.709010648
"816",340969.859774575
"817",401268.968007647
"818",306577.413246247
"819",428758.302116134
"820",740161.222990285
"821",512924.804453632
"822",684272.928576181
"823",1097575.54873428
"824",504898.081077599
"825",409643.490236937
"826",330354.191334499
"827",309227.318684534
"828",461203.519281641
"829",714864.640713449
"830",459035.019808078
"831",807287.394361495
"832",324504.226855435
"833",481011.732610528
"834",486217.246213004
"835",482635.682331545
"836",298863.47704674
"837",350889.354659484
"838",745182.367722963
"839",478944.451647226
"840",449572.441341819
"841",345666.794535274
"842",824562.443445019
"843",837132.00173911
"844",444971.299936766
"845",504473.712609029
"846",502558.3419564
"847",708233.526604993
"848",290310.884616006
"849",1137257.33217225
"850",498365.785062404
"851",320219.907296603
"852",356970.154978464
"853",314645.019618784
"854",393768.54272111
"855",375705.171507879
"856",693245.900223553
"857",375705.171507879
"858",470672.634837156
"859",281125.943554979
"860",708638.736858971
"861",292705.361595994
"862",313275.858128012
"863",423418.664354425
"864",375705.171507879
"865",397499.107021432
"866",826717.399181093
"867",527688.994970995
"868",433709.219026943
"869",466931.093068428
"870",391917.996828158
"871",334844.818494265
"872",464726.877002446
"873",498120.223900666
"874",667552.63458597
"875",466707.581504745
"876",823265.513338034
"877",292705.361595994
"878",521398.271097248
"879",636993.032104822
"880",1280057.98790477
"881",1130460.76263766
"882",395628.912785534
"883",475846.199047085
"884",741757.004739855
"885",426730.921136667
"886",355325.916686446
"887",427746.201261148
"888",782609.168596216
"889",350452.146839231
"890",714664.567941338
"891",485834.366312431
"892",517909.361902709
"893",412374.482747272
"894",495034.836955162
"895",397499.107021432
"896",455024.891223386
"897",339423.863197288
"898",376740.748614428
"899",637604.974793988
"900",340969.859774575
"901",576288.833512217
"902",704806.341501268
"903",458154.040775362
"904",406997.440773018
"905",522779.530093906
"906",439042.569585563
"907",408926.580037754
"908",515489.01406432
"909",1299560.8038691
"910",271544.433979012
"911",511869.973324909
"912",448891.273729779
"913",387422.938153604
"914",316024.005281029
"915",274649.852961077
"916",422705.631692153
"917",654373.953033814
"918",458173.173833339
"919",888646.370433705
"920",542653.169717616
"921",401130.237617184
"922",664833.365578253
"923",726239.830348458
"924",775970.649539869
"925",463935.255400569
"926",313275.858128012
"927",374742.850776537
"928",675098.693919662
"929",291503.211020263
"930",269523.275515001
"931",681108.466001734
"932",344091.325443568
"933",1007894.41554551
"934",316024.005281029
"935",603292.200765927
"936",420707.723227105
"937",353691.502565901
"938",311916.520808713
"939",379239.252378741
"940",516107.066407582
"941",492366.912609629
"942",459377.809698265
"943",500602.90501456
"944",525427.746149269
"945",434899.390083373
"946",356970.154978464
"947",333338.11860287
"948",347252.087798454
"949",476918.848825179
"950",676915.46799122
"951",435518.361844976
"952",952582.880624815
"953",350452.146839231
"954",347252.087798454
"955",708638.736858971
"956",353691.502565901
"957",476430.580116946
"958",286792.850432073
"959",590046.836473117
"960",667779.104745068
"961",443225.045773647
"962",756290.872486182
"963",365338.709010648
"964",414772.942860801
"965",406997.440773018
"966",721129.84125382
"967",858297.037356131
"968",552825.769644824
"969",536357.190973517
"970",373952.867329658
"971",766086.552241397
"972",379239.252378741
"973",355325.916686446
"974",821420.305511411
"975",623060.967845332
"976",629370.314381321
"977",763520.19454761
"978",552607.000190845
"979",618222.351897124
"980",426937.209391147
"981",874046.167548336
"982",558788.451890732
"983",390077.275106679
"984",291503.211020263
"985",470255.837488912
"986",334844.818494265
"987",302676.236374865
"988",482801.290371715
"989",326749.636204606
"990",388246.377556673
"991",338718.419448525
"992",833408.776860936
"993",2142659.78042675
"994",381021.029071381
"995",302676.236374865
"996",511882.758924346
"997",622779.09604617
"998",717992.328897898
"999",557163.656943376
"1000",495652.130322263
"1001",634503.665796411
"1002",365116.205692837
"1003",355325.916686446
"1004",1371982.55653619
"1005",303966.804493853
"1006",530260.311777907
"1007",606046.570434399
"1008",879674.587403754
"1009",1170798.1150495
"1010",702452.129690384
"1011",789286.984338455
"1012",303966.804493853
"1013",990272.06479228
"1014",530158.463666749
"1015",659868.127775794
"1016",327409.560752021
"1017",310567.007660887
"1018",284496.615166816
"1019",336361.342557133
"1020",397499.107021432
"1021",439042.569585563
"1022",642747.375728593
"1023",743367.504546519
"1024",502977.285270354
"1025",537905.565027279
"1026",270528.94266127
"1027",365338.709010648
"1028",320219.907296603
"1029",375705.171507879
"1030",276769.253139819
"1031",401268.968007647
"1032",395628.912785534
"1033",375705.171507879
"1034",868906.314672707
"1035",682013.321153203
"1036",551216.701232077
"1037",680410.127541334
"1038",547719.821338274
"1039",339423.863197288
"1040",424735.849156499
"1041",642747.375728593
"1042",520339.533912571
"1043",266565.219105032
"1044",498365.785062404
"1045",479909.27891257
"1046",651452.572450299
"1047",708886.50773724
"1048",287955.704321911
"1049",348847.205233106
"1050",589582.949498236
"1051",498821.655996843
"1052",340969.859774575
"1053",575559.360603767
"1054",537625.81478285
"1055",325267.304895087
"1056",593529.858980317
"1057",833650.643381631
"1058",531667.702907815
"1059",705540.521188941
"1060",657305.157788802
"1061",622138.124715064
"1062",1039220.85180091
"1063",527688.994970995
"1064",386425.304178141
"1065",537132.011652713
"1066",324504.226855435
"1067",383090.413846355
"1068",538285.276342973
"1069",406997.440773018
"1070",550267.883405813
"1071",749809.540173404
"1072",537683.040455153
"1073",303966.804493853
"1074",467439.674126295
"1075",348847.205233106
"1076",454154.98432032
"1077",480891.864137557
"1078",711445.125503121
"1079",318811.449119939
"1080",363645.349861265
"1081",489500.832273847
"1082",333338.11860287
"1083",539774.457244525
"1084",493609.991523043
"1085",456523.014901484
"1086",346755.04009473
"1087",565977.721652535
"1088",471368.997714811
"1089",353691.502565901
"1090",430795.507267074
"1091",514561.496648998
"1092",399379.125428803
"1093",318811.449119939
"1094",473602.686295211
"1095",606046.570434399
"1096",633137.597633186
"1097",358624.217441954
"1098",324504.226855435
"1099",537709.551541609
"1100",283363.233791397
"1101",605101.954961189
"1102",297612.205613645
"1103",367041.892331504
"1104",649091.112217845
"1105",718014.183594947
"1106",1191089.08506537
"1107",824794.073131608
"1108",491825.865111448
"1109",287955.704321911
"1110",579715.599061969
"1111",388246.377556673
"1112",457581.296748415
"1113",553309.868421347
"1114",988664.647057425
"1115",278927.950004453
"1116",571120.602319979
"1117",547719.821338274
"1118",321638.189644741
"1119",517306.4689647
"1120",557971.014637267
"1121",1003355.3901143
"1122",505905.864425495
"1123",501173.23463492
"1124",663197.039813196
"1125",592892.354881325
"1126",510677.790901961
"1127",345666.794535274
"1128",353691.502565901
"1129",482635.682331545
"1130",614368.624468656
"1131",639865.291830971
"1132",495142.924403909
"1133",501173.23463492
"1134",317412.815114748
"1135",668704.146352013
"1136",314645.019618784
"1137",617400.126046439
"1138",691550.335259939
"1139",579863.136658737
"1140",408926.580037754
"1141",433427.098570768
"1142",592372.963806766
"1143",373952.867329658
"1144",339423.863197288
"1145",513078.490397404
"1146",894072.820081605
"1147",353691.502565901
"1148",303966.804493853
"1149",528790.138991247
"1150",545181.583442208
"1151",1824957.89316416
"1152",399066.404847771
"1153",347252.087798454
"1154",449572.441341819
"1155",331841.242882948
"1156",323066.296164351
"1157",558964.433339842
"1158",281125.943554979
"1159",736964.765605525
"1160",477302.056200261
"1161",439042.569585563
"1162",309227.318684534
"1163",772666.126268906
"1164",375779.178221533
"1165",298863.47704674
"1166",542122.639224869
"1167",348125.522950608
"1168",287955.704321911
"1169",306577.413246247
"1170",420404.635278968
"1171",806153.446694831
"1172",801429.369570561
"1173",480362.697065252
"1174",527688.994970995
"1175",375705.171507879
"1176",356997.965559251
"1177",1178058.24834247
"1178",348847.205233106
"1179",261831.608517878
"1180",453853.159244633
"1181",462532.485107937
"1182",492985.690151843
"1183",478713.624526607
"1184",415607.232264872
"1185",868906.314672707
"1186",359470.630346635
"1187",318811.449119939
"1188",278927.950004453
"1189",698657.88246205
"1190",266565.219105032
"1191",365338.709010648
"1192",496479.901530238
"1193",352715.569695882
"1194",778364.184647827
"1195",894169.822779106
"1196",568222.088041814
"1197",416741.378811429
"1198",462532.485107937
"1199",361961.814883355
"1200",471783.087435684
"1201",289128.382383222
"1202",724277.177781215
"1203",327081.388370936
"1204",303966.804493853
"1205",487211.125378551
"1206",426730.921136667
"1207",775970.649539869
"1208",325951.981717991
"1209",518240.662017134
"1210",348847.205233106
"1211",908822.244898028
"1212",485438.048079495
"1213",501173.23463492
"1214",320219.907296603
"1215",443461.382082967
"1216",545181.583442208
"1217",525446.618693919
"1218",336361.342557133
"1219",451707.88820749
"1220",890531.277678059
"1221",749809.540173404
"1222",436899.186734651
"1223",439042.569585563
"1224",569137.46849682
"1225",373952.867329658
"1226",464726.877002446
"1227",364107.139672744
"1228",445331.020124898
"1229",482595.047458413
"1230",923631.853760518
"1231",381164.662828285
"1232",455368.694099854
"1233",423350.257285184
"1234",414772.942860801
"1235",285639.820713708
"1236",281125.943554979
"1237",957528.187732294
"1238",360288.104076918
"1239",361961.814883355
"1240",545181.583442208
"1241",1307636.3988228
"1242",331841.242882948
"1243",790837.575681707
"1244",265598.848644655
"1245",295139.135261873
"1246",463427.724259095
"1247",401268.968007647
"1248",275704.640964711
"1249",350452.146839231
"1250",317412.815114748
"1251",573642.529729948
"1252",435512.176620896
"1253",462284.645871377
"1254",345666.794535274
"1255",391917.996828158
"1256",473744.766239433
"1257",486731.812598341
"1258",593069.62519761
"1259",768670.701983364
"1260",408926.580037754
"1261",598065.791932079
"1262",411320.419005778
"1263",267541.413736882
"1264",737131.907582042
"1265",802465.368755403
"1266",2779077.48351604
"1267",1671185.95267952
"1268",388246.377556673
"1269",318811.449119939
"1270",542653.169717616
"1271",844124.190968487
"1272",356970.154978464
"1273",432842.536589487
"1274",711746.776700474
"1275",505905.864425495
"1276",458311.695246632
"1277",480423.478744166
"1278",416741.378811429
"1279",385800.436648637
"1280",409888.924239501
"1281",466931.093068428
"1282",530158.463666749
"1283",360391.300694244
"1284",799377.389237861
"1285",736025.618720248
"1286",305267.196784313
"1287",399379.125428803
"1288",626118.748595636
"1289",642747.375728593
"1290",347252.087798454
"1291",610995.074316603
"1292",421474.137977268
"1293",434899.390083373
"1294",575559.360603767
"1295",639865.291830971
"1296",435112.157387748
"1297",879548.492523019
"1298",262758.682292362
"1299",328160.544956446
"1300",578525.150216785
"1301",469145.133305883
"1302",494147.971235107
"1303",739647.666228801
"1304",578944.961465959
"1305",545408.759894973
"1306",775970.649539869
"1307",324504.226855435
"1308",611233.432166306
"1309",286792.850432073
"1310",538275.900552747
"1311",942364.908696774
"1312",325951.981717991
"1313",296370.758352022
"1314",678098.667874962
"1315",426575.29263796
"1316",327409.560752021
"1317",858226.459484917
"1318",510119.093584104
"1319",403792.19376561
"1320",1080129.80977046
"1321",558540.739813347
"1322",550267.883405813
"1323",341746.542127521
"1324",447446.818647622
"1325",471704.129716739
"1326",777011.889605477
"1327",311916.520808713
"1328",334844.818494265
"1329",397499.107021432
"1330",547719.821338274
"1331",1293802.98459216
"1332",399379.125428803
"1333",356970.154978464
"1334",410865.543473963
"1335",590150.173709323
"1336",545181.583442208
"1337",642747.375728593
"1338",264642.302355751
"1339",528790.138991247
"1340",669128.218523483
"1341",317412.815114748
"1342",654373.953033814
"1343",425738.617346346
"1344",474154.48470097
"1345",900095.587810036
"1346",293917.336343197
"1347",414706.24275814
"1348",501274.358483938
"1349",330354.191334499
"1350",344091.325443568
"1351",445331.020124898
"1352",416741.378811429
"1353",796004.096766586
"1354",558540.739813347
"1355",344091.325443568
"1356",623981.556070476
"1357",659143.52497433
"1358",1592275.7223404
"1359",517126.437478326
"1360",1075466.64094441
"1361",466346.078727013
"1362",408081.063279108
"1363",775104.561912702
"1364",393768.54272111
"1365",622779.09604617
"1366",1485518.39455742
"1367",487211.125378551
"1368",482593.374897624
"1369",1455759.01757238
"1370",555481.628982402
"1371",800337.957276628
"1372",309227.318684534
"1373",642747.375728593
"1374",630537.004899072
"1375",303966.804493853
"1376",293917.336343197
"1377",412814.331081645
"1378",445449.168933104
"1379",506152.570473098
"1380",422705.631692153
"1381",756290.872486182
"1382",969003.800809401
"1383",352066.91261683
"1384",539129.895111261
"1385",365338.709010648
"1386",373952.867329658
"1387",295088.095936437
"1388",382812.629935495
"1389",373100.49845466
"1390",412814.331081645
"1391",430795.507267074
"1392",365338.709010648
"1393",286792.850432073
"1394",592372.963806766
"1395",527688.994970995
"1396",678506.7129376
"1397",345666.794535274
"1398",693843.249490481
"1399",439042.569585563
"1400",809556.211680525
"1401",541217.35629791
"1402",412814.331081645
"1403",648541.016038258
"1404",316024.005281029
"1405",611584.782285764
"1406",782609.168596216
"1407",302884.227163746
"1408",747081.888275881
"1409",497520.800719091
"1410",460347.917384902
"1411",524961.332976194
"1412",350267.213894278
"1413",566125.724452685
"1414",287955.704321911
"1415",544797.361626278
"1416",657161.590097512
"1417",420127.331939057
"1418",452327.623738699
"1419",325951.981717991
"1420",416741.378811429
"1421",478163.238168311
"1422",323371.590996471
"1423",342525.680523335
"1424",593161.990852159
"1425",868906.314672707
"1426",408515.266546308
"1427",621082.291227218
"1428",1874831.71935412
"1429",482635.682331545
"1430",508286.915577991
"1431",816391.214166333
"1432",424474.155057656
"1433",272569.749468227
"1434",395628.912785534
"1435",560743.905654707
"1436",487211.125378551
"1437",492985.690151843
"1438",527468.596081314
"1439",372119.583583881
"1440",458211.780971112
"1441",266565.219105032
"1442",300124.572651309
"1443",296370.758352022
"1444",416741.378811429
"1445",387061.862194574
"1446",513360.520932745
"1447",905144.403111088
"1448",461937.454748243
"1449",397499.107021432
"1450",769371.427169415
"1451",397499.107021432
"1452",286792.850432073
"1453",681872.624547848
"1454",377467.299857573
"1455",430795.507267074
"1456",387357.749046766
"1457",626776.754674979
"1458",327409.560752021
"1459",441128.895593869
"1460",275704.640964711
"1461",515159.895908905
"1462",293917.336343197
"1463",458173.173833339
"1464",471368.997714811
"1465",405191.989478801
"1466",412814.331081645
"1467",984442.156646166
"1468",449501.05349816
"1469",526134.267571945
"1470",614368.624468656
"1471",275704.640964711
"1472",726448.118580776
"1473",415607.232264872
"1474",337887.690791473
"1475",342525.680523335
"1476",339853.664923311
"1477",429465.814962547
"1478",318811.449119939
"1479",525229.350446714
"1480",367041.892331504
"1481",342525.680523335
"1482",714864.640713449
"1483",562765.922496532
"1484",417339.066960673
"1485",542653.169717616
"1486",305267.196784313
"1487",661530.725543583
"1488",1013905.88343712
"1489",508178.235766688
"1490",1035723.37618212
"1491",390077.275106679
"1492",547719.821338274
"1493",584078.068351747
"1494",297612.205613645
"1495",504833.775581778
"1496",411474.21750268
"1497",377467.299857573
"1498",462532.485107937
"1499",406997.440773018
"1500",905144.403111088
"1501",301395.49242735
"1502",395628.912785534
"1503",1047652.85264287
"1504",296370.758352022
"1505",324504.226855435
"1506",610964.312935009
"1507",729951.511168744
"1508",358591.197023763
"1509",482635.682331545
"1510",505103.142936447
"1511",571275.232891743
"1512",323571.111476915
"1513",273604.889128916
"1514",296370.758352022
"1515",1126232.76724822
"1516",433709.219026943
"1517",769371.427169415
"1518",743367.504546519
"1519",547526.700922277
"1520",505905.864425495
"1521",508286.915577991
"1522",381021.029071381
"1523",425314.143281146
"1524",568379.394679829
"1525",540134.580164496
"1526",324504.226855435
"1527",306577.413246247
"1528",518372.370006982
"1529",303966.804493853
"1530",355325.916686446
"1531",355325.916686446
"1532",339423.863197288
"1533",1173281.04596298
"1534",410399.610871837
"1535",656522.66523176
"1536",619481.296586045
"1537",333236.083077085
"1538",388246.377556673
"1539",464726.877002446
"1540",614368.624468656
"1541",672108.544135836
"1542",570741.317822987
"1543",451887.881000956
"1544",404140.0573065
"1545",386505.8803974
"1546",1276613.58210274
"1547",657305.157788802
"1548",348847.205233106
"1549",505905.864425495
"1550",315369.152168228
"1551",373778.177241267
"1552",399337.890928386
"1553",281125.943554979
"1554",286792.850432073
"1555",289128.382383222
"1556",1560060.40724562
"1557",603723.212681907
"1558",333338.11860287
"1559",547719.821338274
"1560",583864.94954346
"1561",425132.715114876
"1562",328876.963957523
"1563",530577.881664904
"1564",652831.751337332
"1565",939770.802585512
"1566",1012819.21546898
"1567",412814.331081645
"1568",344810.216274136
"1569",590975.83934283
"1570",1078737.33527931
"1571",908822.244898028
"1572",330354.191334499
"1573",482635.682331545
"1574",447951.690236751
"1575",883283.659990383
"1576",469145.133305883
"1577",515489.01406432
"1578",356568.344436419
"1579",338718.419448525
"1580",293917.336343197
"1581",384614.054971081
"1582",386425.304178141
"1583",456886.849814513
"1584",418719.638933531
"1585",1078318.30571517
"1586",385421.065901469
"1587",560558.373390698
"1588",1246638.66035098
"1589",522779.530093906
"1590",329891.13391016
"1591",363645.349861265
"1592",320219.907296603
"1593",414772.942860801
"1594",333338.11860287
"1595",300124.572651309
"1596",464726.877002446
"1597",301395.49242735
"1598",1761727.99194546
"1599",444557.471182512
"1600",379239.252378741
"1601",261831.608517878
"1602",419116.469858528
"1603",281125.943554979
"1604",405078.125679754
"1605",480462.796992602
"1606",498821.655996843
"1607",854686.1560986
"1608",273604.889128916
"1609",405078.125679754
"1610",321638.189644741
"1611",506278.120635124
"1612",297612.205613645
"1613",336361.342557133
"1614",559836.633685296
"1615",454698.977878897
"1616",324504.226855435
"1617",337887.690791473
"1618",617162.290823021
"1619",411175.550133945
"1620",412814.331081645
"1621",281125.943554979
"1622",523044.552492192
"1623",261831.608517878
"1624",466931.093068428
"1625",508286.915577991
"1626",395628.912785534
"1627",406997.440773018
"1628",397499.107021432
"1629",366049.321071357
"1630",550267.883405813
"1631",776533.960661916
"1632",271544.433979012
"1633",732397.921712341
"1634",1545366.07263001
"1635",326835.400390495
"1636",369677.669242704
"1637",391917.996828158
"1638",375705.171507879
"1639",469145.133305883
"1640",377474.17322824
"1641",654373.953033814
"1642",625602.234914954
"1643",432842.536589487
"1644",672108.544135836
"1645",334844.818494265
"1646",474066.045595168
"1647",306577.413246247
"1648",919914.715287685
"1649",573642.529729948
"1650",278927.950004453
"1651",298863.47704674
"1652",397499.107021432
"1653",416714.529372538
"1654",578711.587654354
"1655",480362.697065252
"1656",377467.299857573
"1657",297612.205613645
"1658",802760.50588061
"1659",430795.507267074
"1660",360288.104076918
"1661",470478.273050662
"1662",430365.739638613
"1663",252282.192315768
"1664",666157.717082603
"1665",614368.624468656
"1666",451707.88820749
"1667",501173.23463492
"1668",568379.394679829
"1669",649088.40984864
"1670",753448.536180018
"1671",327409.560752021
"1672",286792.850432073
"1673",736964.765605525
"1674",294250.142096576
"1675",365338.709010648
"1676",241175.974568318
"1677",384614.054971081
"1678",1250685.2216874
"1679",375705.171507879
"1680",443893.518468607
"1681",601089.869523747
"1682",298863.47704674
"1683",416335.115500281
"1684",365338.709010648
"1685",498821.655996843
"1686",584286.689887863
"1687",321638.189644741
"1688",347821.719151399
"1689",472706.751400958
"1690",365116.205692837
"1691",384614.054971081
"1692",391917.996828158
"1693",729239.764541097
"1694",384614.054971081
"1695",420327.033330921
"1696",391917.996828158
"1697",356970.154978464
"1698",1203037.19773088
"1699",395628.912785534
"1700",592372.963806766
"1701",684128.088299979
"1702",283363.233791397
"1703",302676.236374865
"1704",498424.816341419
"1705",403168.634757964
"1706",666995.572590562
"1707",563155.556315602
"1708",478325.409992198
"1709",403168.634757964
"1710",386882.416875779
"1711",751234.946848129
"1712",344169.364837475
"1713",492778.111785148
"1714",598357.939341921
"1715",708817.99170894
"1716",266565.219105032
"1717",779146.376399003
"1718",733159.773356361
"1719",379239.252378741
"1720",344091.325443568
"1721",628709.517158277
"1722",718085.079624042
"1723",577350.105793137
"1724",325931.012009939
"1725",1147470.98591011
"1726",447374.387535841
"1727",609339.237366351
"1728",812968.800837693
"1729",365338.709010648
"1730",494147.971235107
"1731",573642.529729948
"1732",485159.475218862
"1733",298863.47704674
"1734",383493.56700782
"1735",439042.569585563
"1736",678098.667874962
"1737",596324.784228245
"1738",597812.9339434
"1739",420707.723227105
"1740",321272.414701096
"1741",441128.895593869
"1742",500540.507051423
"1743",261831.608517878
"1744",324504.226855435
"1745",325951.981717991
"1746",468380.044353005
"1747",537625.81478285
"1748",393776.599362321
"1749",286792.850432073
"1750",428758.302116134
"1751",403168.634757964
"1752",865336.538771971
"1753",453568.900716058
"1754",537625.81478285
"1755",515769.52076059
"1756",753314.75794618
"1757",681108.466001734
"1758",410865.543473963
"1759",447446.818647622
"1760",405592.724254793
"1761",666157.717082603
"1762",660353.540652693
"1763",331841.242882948
"1764",517909.361902709
"1765",707920.177039523
"1766",595088.036789347
"1767",487527.635175291
"1768",412814.331081645
"1769",416741.378811429
"1770",321638.189644741
"1771",330354.191334499
"1772",867491.821626856
"1773",355325.916686446
"1774",648541.209263046
"1775",550877.553906905
"1776",480979.960458742
"1777",643546.331395751
"1778",424174.36412972
"1779",403168.634757964
"1780",599816.158604004
"1781",673242.553965813
"1782",629970.929244508
"1783",893502.040702017
"1784",452981.036738288
"1785",540134.580164496
"1786",837132.00173911
"1787",639865.291830971
"1788",1173301.77902292
"1789",649555.728195275
"1790",368754.899823833
"1791",644574.084308664
"1792",811331.857156526
"1793",510677.790901961
"1794",355325.916686446
"1795",769371.427169415
"1796",664908.627916747
"1797",316024.005281029
"1798",311916.520808713
"1799",372210.38732291
"1800",603292.200765927
"1801",543762.805917078
"1802",292705.361595994
"1803",336361.342557133
"1804",488028.751954503
"1805",384614.054971081
"1806",844145.169627478
"1807",824880.058981423
"1808",603292.200765927
"1809",302676.236374865
"1810",418038.298821137
"1811",458173.173833339
"1812",567065.626951694
"1813",550149.319475813
"1814",1901122.65702744
"1815",4952659.96428058
"1816",271544.433979012
"1817",698657.88246205
"1818",769371.427169415
"1819",296370.758352022
"1820",608069.289975821
"1821",496417.04057981
"1822",511814.22469593
"1823",491825.865111448
"1824",418719.638933531
"1825",1199444.77618888
"1826",391576.687651952
"1827",698657.88246205
"1828",293917.336343197
"1829",584186.561056654
"1830",705451.186698627
"1831",711746.776700474
"1832",298863.47704674
"1833",360288.104076918
"1834",555790.62885108
"1835",648896.16830325
"1836",596994.43325918
"1837",868821.662344872
"1838",401466.145417408
"1839",296370.758352022
"1840",412814.331081645
"1841",391917.996828158
"1842",363291.349746866
"1843",358624.217441954
"1844",393768.54272111
"1845",666157.717082603
"1846",330354.191334499
"1847",567793.469278106
"1848",493609.991523043
"1849",318811.449119939
"1850",284496.615166816
"1851",555833.135088308
"1852",324504.226855435
"1853",586546.683410097
"1854",654872.807414
"1855",460347.917384902
"1856",321036.059045322
"1857",422163.545666259
"1858",388246.377556673
"1859",363645.349861265
"1860",333338.11860287
"1861",1047662.94597038
"1862",785943.164381599
"1863",327409.560752021
"1864",509202.348638905
"1865",535153.768352746
"1866",616577.900195755
"1867",422705.631692153
"1868",494792.40750565
"1869",395628.912785534
"1870",405078.125679754
"1871",493150.639135262
"1872",468998.712837458
"1873",1027708.1293438
"1874",284496.615166816
"1875",429625.879099993
"1876",368754.899823833
"1877",265598.848644655
"1878",283363.233791397
"1879",395628.912785534
"1880",706797.430347894
"1881",1195059.59405588
"1882",504719.022913549
"1883",571580.622693336
"1884",418972.970228429
"1885",555014.767428081
"1886",297612.205613645
"1887",310567.007660887
"1888",639129.415495645
"1889",339423.863197288
"1890",272569.749468227
"1891",425154.538152104
"1892",1035702.38406343
"1893",349859.883536374
"1894",495977.871166398
"1895",792841.210107237
"1896",292705.361595994
"1897",645639.283797689
"1898",432842.536589487
"1899",325746.419633512
"1900",747535.881343017
"1901",557971.014637267
"1902",684128.088299979
"1903",531590.859935929
"1904",555393.480055309
"1905",510677.790901961
"1906",619965.781348859
"1907",779284.996982306
"1908",331841.242882948
"1909",447493.299299096
"1910",651452.572450299
"1911",894169.822779106
"1912",330354.191334499
"1913",1387695.85528018
"1914",1048791.11949285
"1915",514561.496648998
"1916",324504.226855435
"1917",722561.178049201
"1918",397499.107021432
"1919",542653.169717616
"1920",842337.952257567
"1921",501173.23463492
"1922",573642.529729948
"1923",320219.907296603
"1924",373952.867329658
"1925",1040133.56796316
"1926",501451.258258085
"1927",479411.37567309
"1928",445331.020124898
"1929",451005.74026024
"1930",737882.286580663
"1931",551436.029404344
"1932",342525.680523335
"1933",391917.996828158
"1934",733778.132392238
"1935",723787.151639997
"1936",779284.996982306
"1937",330354.191334499
"1938",425458.117606575
"1939",375705.171507879
"1940",295139.135261873
"1941",353482.201039073
"1942",333338.11860287
"1943",684272.928576181
"1944",365338.709010648
"1945",633041.020068178
"1946",600005.772025227
"1947",316024.005281029
"1948",1084493.14278493
"1949",592721.110493279
"1950",663197.039813196
"1951",318811.449119939
"1952",970007.991452217
"1953",625957.319967995
"1954",1111723.0647717
"1955",601286.007644272
"1956",638897.928800518
"1957",390077.275106679
"1958",327409.560752021
"1959",1582089.66240156
"1960",730601.323350424
"1961",372210.38732291
"1962",595088.036789347
"1963",391917.996828158
"1964",303966.804493853
"1965",762811.501484852
"1966",717992.328897898
"1967",428758.302116134
"1968",510677.790901961
"1969",526684.399611892
"1970",598632.802733815
"1971",554595.724712473
"1972",445331.020124898
"1973",434241.002526505
"1974",428270.440880149
"1975",350452.146839231
"1976",465003.107100624
"1977",313275.858128012
"1978",439583.41208546
"1979",361961.814883355
"1980",615223.821417466
"1981",554462.47132101
"1982",406322.32317608
"1983",317412.815114748
"1984",532294.533938339
"1985",496479.901530238
"1986",775970.649539869
"1987",447446.818647622
"1988",458301.849512615
"1989",422705.631692153
"1990",743367.504546519
"1991",348527.395812458
"1992",305267.196784313
"1993",1059920.92833766
"1994",469145.133305883
"1995",938598.649366576
"1996",1059920.92833766
"1997",489933.893179501
"1998",560558.373390698
"1999",323066.296164351
"2000",437305.654735853
"2001",470879.071813355
"2002",373952.867329658
"2003",670079.316948889
"2004",581610.913591174
"2005",473602.686295211
"2006",350452.146839231
"2007",385038.477191897
"2008",508653.4407785
"2009",607638.580243689
"2010",416741.378811429
"2011",382812.629935495
"2012",497281.481419262
"2013",339423.863197288
"2014",430049.480181335
"2015",287955.704321911
"2016",746583.610274225
"2017",336361.342557133
"2018",772666.126268906
"2019",534272.79406044
"2020",496479.901530238
"2021",307897.453879654
"2022",299591.765230079
"2023",461904.721146332
"2024",550035.666561798
"2025",636993.032104822
"2026",313275.858128012
"2027",368754.899823833
"2028",300607.640241435
"2029",459939.524720651
"2030",336361.342557133
"2031",399379.125428803
"2032",386425.304178141
"2033",633137.597633186
"2034",720578.77659102
"2035",278927.950004453
"2036",353691.502565901
"2037",295139.135261873
"2038",518665.379465297
"2039",505597.291375519
"2040",437503.394842788
"2041",402577.438501863
"2042",399379.125428803
"2043",496327.426614531
"2044",1810684.2783437
"2045",438667.79191815
"2046",388246.377556673
"2047",1195155.95484911
"2048",427746.201261148
"2049",300124.572651309
"2050",749809.540173404
"2051",582226.882230742
"2052",678098.667874962
"2053",280022.034693979
"2054",513078.490397404
"2055",498821.655996843
"2056",520339.533912571
"2057",627558.233099401
"2058",1178157.89767248
"2059",482595.047458413
"2060",458173.173833339
"2061",631367.604180859
"2062",565762.563411979
"2063",513393.146721935
"2064",772666.126268906
"2065",443209.171587071
"2066",560558.373390698
"2067",345666.794535274
"2068",1780327.34142835
"2069",377467.299857573
"2070",840623.184268062
"2071",679986.679922121
"2072",503534.637444471
"2073",395628.912785534
"2074",475846.199047085
"2075",273604.889128916
"2076",611584.782285764
"2077",299454.994216684
"2078",286792.850432073
"2079",840623.184268062
"2080",511882.758924346
"2081",484918.491769312
"2082",844124.190968487
"2083",521155.606675842
"2084",568379.394679829
"2085",477671.813969217
"2086",839411.254332157
"2087",689391.492197905
"2088",517909.361902709
"2089",354249.818406234
"2090",398016.710149523
"2091",309227.318684534
"2092",356970.154978464
"2093",397499.107021432
"2094",608810.764274345
"2095",563676.171801159
"2096",449572.441341819
"2097",721977.185413365
"2098",560558.373390698
"2099",625602.234914954
"2100",422705.631692153
"2101",396228.060086216
"2102",488164.318134809
"2103",466578.619317419
"2104",307897.453879654
"2105",303966.804493853
"2106",410865.543473963
"2107",286792.850432073
"2108",407610.835040664
"2109",775970.649539869
"2110",306314.584020143
"2111",559172.234806235
"2112",700945.603985553
"2113",426730.921136667
"2114",462106.011064899
"2115",589667.714995659
"2116",1333234.99443805
"2117",297612.205613645
"2118",608835.06702225
"2119",772666.126268906
"2120",443225.045773647
"2121",1019753.17131006
"2122",625602.234914954
"2123",1000037.6992265
"2124",600547.655268927
"2125",505905.864425495
"2126",480362.697065252
"2127",530158.463666749
"2128",313275.858128012
"2129",381021.029071381
"2130",408926.580037754
"2131",511198.284883635
"2132",600634.547826776
"2133",313275.858128012
"2134",611916.830749193
"2135",520339.533912571
"2136",634871.188615634
"2137",666157.717082603
"2138",406997.440773018
"2139",615180.179775191
"2140",275704.640964711
"2141",2201514.9948324
"2142",566640.866378443
"2143",428758.302116134
"2144",453853.159244633
"2145",552825.769644824
"2146",378838.422325047
"2147",405078.125679754
"2148",1120111.84689778
"2149",290310.884616006
"2150",493608.94382274
"2151",517369.571843523
"2152",1289211.49485822
"2153",399379.125428803
"2154",639865.291830971
"2155",695034.146716912
"2156",631277.985166942
"2157",462532.485107937
"2158",550149.319475813
"2159",316024.005281029
"2160",528444.990971039
"2161",604938.537291097
"2162",678098.667874962
"2163",749809.540173404
"2164",293917.336343197
"2165",530158.463666749
"2166",855104.301213605
"2167",305267.196784313
"2168",370477.731487635
"2169",456008.25445325
"2170",508086.173442324
"2171",797121.163147141
"2172",564868.252066678
"2173",274649.852961077
"2174",325141.860329692
"2175",542653.169717616
"2176",586972.290356024
"2177",545260.11686677
"2178",318811.449119939
"2179",324504.226855435
"2180",408805.025852517
"2181",632835.220795713
"2182",433330.848422808
"2183",684272.928576181
"2184",587559.618556033
"2185",428758.302116134
"2186",390077.275106679
"2187",833650.643381631
"2188",353691.502565901
"2189",654373.953033814
"2190",394913.560831213
"2191",344091.325443568
"2192",355325.916686446
"2193",796004.096766586
"2194",309227.318684534
"2195",525229.350446714
"2196",300124.572651309
"2197",1280057.98790477
"2198",540134.580164496
"2199",628435.197955212
"2200",511198.284883635
"2201",382812.629935495
"2202",504155.480931435
"2203",286792.850432073
"2204",628435.197955212
"2205",372210.38732291
"2206",350452.146839231
"2207",377662.718456369
"2208",348847.205233106
"2209",572701.845545894
"2210",1143203.69383479
"2211",1232998.13041811
"2212",339423.863197288
"2213",444557.471182512
"2214",473602.686295211
"2215",382812.629935495
"2216",284496.615166816
"2217",576288.833512217
"2218",381021.029071381
"2219",386575.224829903
"2220",382812.629935495
"2221",384614.054971081
"2222",449220.999923546
"2223",619965.781348859
"2224",616323.159378707
"2225",614368.624468656
"2226",550319.078409467
"2227",549249.319176728
"2228",382812.629935495
"2229",327409.560752021
"2230",576288.833512217
"2231",334336.795846455
"2232",518540.221407953
"2233",384554.599089454
"2234",1050860.73113688
"2235",718845.355892836
"2236",520339.533912571
"2237",450015.298661425
"2238",918701.310524547
"2239",466931.093068428
"2240",477619.79637152
"2241",254768.68849503
"2242",643467.841096278
"2243",509535.430581407
"2244",391917.996828158
"2245",307897.453879654
"2246",535904.460162372
"2247",489513.583159263
"2248",546146.212983506
"2249",741851.230293233
"2250",763880.324732311
"2251",330354.191334499
"2252",349888.791445758
"2253",1463759.92025817
"2254",493040.146452517
"2255",251473.00859896
"2256",858349.474199572
"2257",597812.9339434
"2258",498821.655996843
"2259",491825.865111448
"2260",465827.757014003
"2261",481802.207871971
"2262",447706.191546555
"2263",379239.252378741
"2264",742663.113854927
"2265",509371.118364912
"2266",317412.815114748
"2267",463030.858300717
"2268",426575.29263796
"2269",317412.815114748
"2270",415329.715515609
"2271",350452.146839231
"2272",352995.307139962
"2273",625602.234914954
"2274",469145.133305883
"2275",634130.596550145
"2276",484368.41600593
"2277",377467.299857573
"2278",681108.466001734
"2279",327917.709942547
"2280",453853.159244633
"2281",432842.70908984
"2282",334844.818494265
"2283",915793.641438464
"2284",272569.749468227
"2285",353691.502565901
"2286",333338.11860287
"2287",382812.629935495
"2288",466931.093068428
"2289",1368602.90765543
"2290",354319.698296146
"2291",256475.473471904
"2292",319527.292272366
"2293",361961.814883355
"2294",806006.199508414
"2295",515489.01406432
"2296",573642.529729948
"2297",350452.146839231
"2298",350452.146839231
"2299",309227.318684534
"2300",324504.226855435
"2301",894169.822779106
"2302",608810.764274345
"2303",705540.521188941
"2304",273604.889128916
"2305",527688.994970995
"2306",269523.275515001
"2307",327409.560752021
"2308",494147.971235107
"2309",321638.189644741
"2310",794400.081058456
"2311",601676.74207778
"2312",500568.847831453
"2313",535126.873572677
"2314",578944.961465959
"2315",351118.325783574
"2316",292705.361595994
"2317",479574.228738147
"2318",1116379.79262431
"2319",410285.790197878
"2320",321638.189644741
"2321",265598.848644655
"2322",464726.877002446
"2323",426326.623841351
"2324",445331.020124898
"2325",574303.377342809
"2326",886902.556748484
"2327",941449.902994435
"2328",919383.805620083
"2329",1085848.67177371
"2330",347252.087798454
"2331",597812.9339434
"2332",702452.129690384
"2333",442390.206823879
"2334",553761.993718459
"2335",595088.036789347
"2336",576205.408418125
"2337",830734.908096932
"2338",424159.930292237
"2339",905144.403111088
"2340",405021.760601356
"2341",504982.121166543
"2342",342525.680523335
"2343",345666.794535274
"2344",733778.132392238
"2345",355325.916686446
"2346",503534.637444471
"2347",651452.572450299
"2348",420707.723227105
"2349",284496.615166816
"2350",498821.655996843
"2351",403168.634757964
"2352",955914.115405115
"2353",524611.350709358
"2354",342525.680523335
"2355",833650.643381631
"2356",572149.135771598
"2357",639037.079814707
"2358",639491.407563622
"2359",419108.814505718
"2360",816391.214166333
"2361",752268.438034892
"2362",568379.394679829
"2363",339423.863197288
"2364",327409.560752021
"2365",560558.373390698
"2366",501844.117304287
"2367",443857.439745118
"2368",500540.507051423
"2369",327409.560752021
"2370",488844.115061679
"2371",449572.441341819
"2372",742149.438345335
"2373",491825.865111448
"2374",645639.283797689
"2375",596939.930350358
"2376",1020028.15766059
"2377",702247.093296381
"2378",890534.68664916
"2379",753045.294244057
"2380",554335.205473107
"2381",865530.893427967
"2382",405078.125679754
"2383",317412.815114748
"2384",283363.233791397
"2385",1017084.91060653
"2386",388246.377556673
"2387",651452.572450299
"2388",283363.233791397
"2389",537625.81478285
"2390",323066.296164351
"2391",460103.296110745
"2392",375705.171507879
"2393",408270.216237359
"2394",325951.981717991
"2395",466784.480753197
"2396",399379.125428803
"2397",309227.318684534
"2398",1027464.50737457
"2399",527191.59018484
"2400",408926.580037754
"2401",347252.087798454
"2402",413003.421568354
"2403",466931.093068428
"2404",1247137.91188449
"2405",336919.444988114
"2406",1105240.15287317
"2407",434899.390083373
"2408",641914.546545712
"2409",640505.874959696
"2410",298863.47704674
"2411",857003.108439769
"2412",887927.011875437
"2413",305267.196784313
"2414",403168.634757964
"2415",573373.231153999
"2416",459471.160889803
"2417",462870.794163271
"2418",1527170.22887225
"2419",595088.036789347
"2420",651452.572450299
"2421",594042.866812563
"2422",283363.233791397
"2423",321638.189644741
"2424",295139.135261873
"2425",275704.640964711
"2426",546593.874576128
"2427",714864.640713449
"2428",606098.408190428
"2429",568927.507703713
"2430",542653.169717616
"2431",366330.6097609
"2432",368754.899823833
"2433",520631.280806664
"2434",830503.04107062
"2435",471368.997714811
"2436",461192.319992816
"2437",1109419.02740523
"2438",751992.937777373
"2439",670064.809776827
"2440",544311.457243043
"2441",603292.200765927
"2442",488028.751954503
"2443",296370.758352022
"2444",412814.331081645
"2445",489513.583159263
"2446",938598.649366576
"2447",448051.626074815
"2448",487530.680637342
"2449",634130.596550145
"2450",510677.790901961
"2451",386425.304178141
"2452",480362.697065252
"2453",648541.016038258
"2454",360391.300694244
"2455",355325.916686446
"2456",669146.977368665
"2457",318811.449119939
"2458",478099.535970432
"2459",528521.924933511
"2460",589667.714995659
"2461",1303015.43657444
"2462",474282.910040783
"2463",537625.81478285
"2464",420127.331939057
"2465",373952.867329658
"2466",473602.686295211
"2467",432842.536589487
"2468",787765.017460728
"2469",1254735.47429243
"2470",865336.538771971
"2471",271544.433979012
"2472",340969.859774575
"2473",360288.104076918
"2474",768177.927283661
"2475",426923.996973008
"2476",517603.593147911
"2477",447446.818647622
"2478",1179716.37851346
"2479",432842.536589487
"2480",282239.676587452
"2481",540134.580164496
"2482",361961.814883355
"2483",286792.850432073
"2484",508286.915577991
"2485",310567.007660887
"2486",363896.676437915
"2487",493609.991523043
"2488",566469.997272944
"2489",250673.649053625
"2490",434899.390083373
"2491",408926.580037754
"2492",571006.050119152
"2493",264642.302355751
"2494",318811.449119939
"2495",381021.029071381
"2496",352066.91261683
"2497",1036746.06576326
"2498",792640.628466784
"2499",359793.912204528
"2500",497371.144704606
"2501",478099.535970432
"2502",1043735.93546895
"2503",406832.285546275
"2504",598009.42463759
"2505",557971.014637267
"2506",956848.056971747
"2507",390077.275106679
"2508",2498575.39907103
"2509",547719.821338274
"2510",361961.814883355
"2511",326613.78099193
"2512",305267.196784313
"2513",639865.291830971
"2514",339423.863197288
"2515",552825.769644824
"2516",487211.125378551
"2517",402225.473079324
"2518",469145.133305883
"2519",660690.972291988
"2520",375500.633345068
"2521",487211.125378551
"2522",372210.38732291
"2523",297612.205613645
"2524",414772.942860801
"2525",426730.921136667
"2526",430173.176871151
"2527",471368.997714811
"2528",617400.126046439
"2529",270528.94266127
"2530",486207.678575971
"2531",1052946.60792583
"2532",516884.264563254
"2533",391917.996828158
"2534",882917.827932064
"2535",576957.819584286
"2536",334844.818494265
"2537",540134.580164496
"2538",713219.671434434
"2539",669237.936785913
"2540",401268.968007647
"2541",817451.889165536
"2542",1285194.37721895
"2543",727434.338480083
"2544",424713.364328673
"2545",466931.093068428
"2546",1096911.87632345
"2547",458652.323285785
"2548",746583.610274225
"2549",331841.242882948
"2550",473602.686295211
"2551",291503.211020263
"2552",292705.361595994
"2553",639365.247147154
"2554",440680.417293953
"2555",463005.241760665
"2556",370477.731487635
"2557",293917.336343197
"2558",474350.670686993
"2559",412814.331081645
"2560",307897.453879654
"2561",556930.437740238
"2562",482635.682331545
"2563",298863.47704674
"2564",483145.114810727
"2565",876075.338988598
"2566",297612.205613645
"2567",756290.872486182
"2568",741851.230293233
"2569",573642.529729948
"2570",396201.8055342
"2571",677353.469809884
"2572",543058.896942773
"2573",520631.280806664
"2574",352066.91261683
"2575",1163320.60255583
"2576",480803.403469211
"2577",453853.159244633
"2578",470557.751548622
"2579",489513.583159263
"2580",352066.91261683
"2581",743367.504546519
"2582",375500.633345068
"2583",476918.848825179
"2584",358624.217441954
"2585",480362.697065252
"2586",563155.556315602
"2587",684128.088299979
"2588",517909.361902709
"2589",302010.227098327
"2590",397499.107021432
"2591",447446.818647622
"2592",444178.589725589
"2593",306577.413246247
"2594",619965.781348859
"2595",494147.971235107
"2596",672108.544135836
"2597",270528.94266127
"2598",379239.252378741
"2599",701427.737574845
"2600",508286.915577991
"2601",296370.758352022
"2602",507030.823049745
"2603",654644.81930258
"2604",316024.005281029
"2605",300124.572651309
"2606",693742.481577556
"2607",639865.291830971
"2608",342525.680523335
"2609",611441.028634415
"2610",965168.772278892
"2611",498821.655996843
"2612",271544.433979012
"2613",363645.349861265
"2614",342525.680523335
"2615",766086.552241397
"2616",569887.27195502
"2617",540134.580164496
"2618",709749.678747742
"2619",360288.104076918
"2620",462762.557992805
"2621",537625.81478285
"2622",340969.859774575
"2623",897100.764274797
"2624",517487.440338656
"2625",406997.440773018
"2626",552825.769644824
"2627",436635.606665667
"2628",711746.776700474
"2629",510677.790901961
"2630",571575.497198248
"2631",397944.115256685
"2632",454757.966032824
"2633",331841.242882948
"2634",458173.173833339
"2635",1141102.65092572
"2636",436437.717837014
"2637",950450.609599575
"2638",426575.29263796
"2639",488156.209649214
"2640",446240.206583492
"2641",1025044.23011056
"2642",449572.441341819
"2643",886902.556748484
"2644",756301.930626246
"2645",424713.364328673
"2646",403168.634757964
"2647",327409.560752021
"2648",401178.804496672
"2649",635770.454025421
"2650",762811.501484852
"2651",701156.683361572
"2652",974619.034867853
"2653",289128.382383222
"2654",794898.919762847
"2655",787779.107603136
"2656",535126.873572677
"2657",395628.912785534
"2658",622779.09604617
"2659",432842.536589487
"2660",441128.895593869
"2661",614368.624468656
"2662",428758.302116134
"2663",590625.143749241
"2664",823265.513338034
"2665",613146.302923695
"2666",505905.864425495
"2667",356970.154978464
"2668",574470.1748485
"2669",339423.863197288
"2670",295139.135261873
"2671",360288.104076918
"2672",471368.997714811
"2673",839920.944492117
"2674",377467.299857573
"2675",535126.873572677
"2676",335989.920638454
"2677",840623.184268062
"2678",464726.877002446
"2679",493609.991523043
"2680",278927.950004453
"2681",276769.253139819
"2682",265598.848644655
"2683",295139.135261873
"2684",310567.007660887
"2685",1780327.34142835
"2686",542870.970380154
"2687",1025262.3201137
"2688",721877.953113006
"2689",786713.066250202
"2690",713282.982982199
"2691",628435.197955212
"2692",368754.899823833
"2693",547719.821338274
"2694",724277.177781215
"2695",344091.325443568
"2696",632346.714591265
"2697",728728.947387158
"2698",496479.901530238
"2699",678098.667874962
"2700",515489.01406432
"2701",573500.58642572
"2702",636963.310320692
"2703",743367.504546519
"2704",489513.583159263
"2705",546146.212983506
"2706",517909.361902709
"2707",458560.56062095
"2708",733973.086095881
"2709",283363.233791397
"2710",402210.118464834
"2711",601676.74207778
"2712",743002.785184364
"2713",565762.563411979
"2714",442082.288608001
"2715",1063991.73698353
"2716",585396.63668224
"2717",1317276.46247925
"2718",487211.125378551
"2719",336361.342557133
"2720",334844.818494265
"2721",406286.414736854
"2722",359793.912204528
"2723",2924719.62528974
"2724",592372.963806766
"2725",399379.125428803
"2726",454299.404810906
"2727",271544.433979012
"2728",677908.800443618
"2729",367041.892331504
"2730",414772.942860801
"2731",324504.226855435
"2732",288173.240877052
"2733",663391.360553514
"2734",264642.302355751
"2735",286792.850432073
"2736",494147.971235107
"2737",287955.704321911
"2738",356970.154978464
"2739",576288.833512217
"2740",298863.47704674
"2741",527468.596081314
"2742",441505.136844901
"2743",363645.349861265
"2744",356970.154978464
"2745",353691.502565901
"2746",439042.569585563
"2747",401268.968007647
"2748",397499.107021432
"2749",309712.836849835
"2750",517503.635747303
"2751",327409.560752021
"2752",576324.35711149
"2753",512099.360640544
"2754",524267.269735906
"2755",524267.269735906
"2756",377532.510526956
"2757",713219.671434434
"2758",432842.536589487
"2759",1870796.79758494
"2760",472308.807768667
"2761",307897.453879654
"2762",1077453.50694519
"2763",491825.865111448
"2764",348847.205233106
"2765",344091.325443568
"2766",298863.47704674
"2767",633041.020068178
"2768",564686.291485075
"2769",378583.356306047
"2770",278927.950004453
"2771",430795.507267074
"2772",340969.859774575
"2773",381021.029071381
"2774",625602.234914954
"2775",336361.342557133
"2776",604885.661315586
"2777",424713.364328673
"2778",310567.007660887
"2779",323066.296164351
"2780",717992.328897898
"2781",919914.715287685
"2782",342525.680523335
"2783",543007.420171477
"2784",280022.034693979
"2785",266565.219105032
"2786",328876.963957523
"2787",546171.187079414
"2788",1168954.80885882
"2789",704553.37202921
"2790",546348.662393983
"2791",510677.790901961
"2792",551786.054796268
"2793",420980.532580686
"2794",510677.790901961
"2795",473602.686295211
"2796",360288.104076918
"2797",313275.858128012
"2798",292705.361595994
"2799",298863.47704674
"2800",555833.135088308
"2801",241847.619884503
"2802",451914.497684042
"2803",696304.81920769
"2804",309227.318684534
"2805",336361.342557133
"2806",343470.527297783
"2807",388246.377556673
"2808",317412.815114748
"2809",872461.852557417
"2810",447446.818647622
"2811",565762.563411979
"2812",356970.154978464
"2813",505905.864425495
"2814",510039.075774903
"2815",585400.473310153
"2816",789286.984338455
"2817",634850.921607178
"2818",356970.154978464
"2819",606046.570434399
"2820",313275.858128012
"2821",731389.914327937
"2822",633041.020068178
"2823",318887.761892582
"2824",840623.184268062
"2825",751348.825795707
"2826",997398.935124255
"2827",280022.034693979
"2828",382812.629935495
"2829",928371.612926318
"2830",274649.852961077
"2831",298863.47704674
"2832",609260.916204802
"2833",496479.901530238
"2834",396192.418808587
"2835",302676.236374865
"2836",708638.736858971
"2837",408270.216237359
"2838",420707.723227105
"2839",395628.912785534
"2840",584186.561056654
"2841",576288.833512217
"2842",490763.430154942
"2843",560558.373390698
"2844",441128.895593869
"2845",523189.98596906
"2846",469145.133305883
"2847",468380.044353005
"2848",323066.296164351
"2849",545737.029153393
"2850",530971.95869567
"2851",833413.283690515
"2852",410865.543473963
"2853",463244.28296351
"2854",323066.296164351
"2855",533338.430723744
"2856",1199037.03415819
"2857",367041.892331504
"2858",938598.649366576
"2859",386425.304178141
"2860",1237800.33992131
"2861",261831.608517878
"2862",589667.714995659
"2863",442772.838658539
"2864",479367.188464005
"2865",278927.950004453
"2866",482635.682331545
"2867",402225.473079324
"2868",623840.070704901
"2869",583854.536680088
"2870",612087.759801915
"2871",762811.501484852
"2872",714864.640713449
"2873",418028.134081138
"2874",792640.628466784
"2875",724277.177781215
"2876",297612.205613645
"2877",370477.731487635
"2878",255617.168897731
"2879",575628.573444915
"2880",1647917.73470305
"2881",708638.736858971
"2882",466632.673823065
"2883",713806.049957813
"2884",295139.135261873
"2885",715761.325026458
"2886",479925.536802268
"2887",874921.354246728
"2888",331841.242882948
"2889",560558.373390698
"2890",352066.91261683
"2891",591908.678840456
"2892",325951.981717991
"2893",501556.063056797
"2894",600547.655268927
"2895",466578.619317419
"2896",316024.005281029
"2897",480362.697065252
"2898",854278.903049925
"2899",1031700.34461788
"2900",601676.74207778
"2901",598956.786983075
"2902",581610.913591174
"2903",774465.180254636
"2904",563266.506860411
"2905",730601.323350424
"2906",344091.325443568
"2907",458173.173833339
"2908",436635.606665667
"2909",298863.47704674
"2910",296370.758352022
"2911",970984.450191465
"2912",280022.034693979
"2913",808534.494484899
"2914",508286.915577991
"2915",904759.376139708
"2916",515489.01406432
"2917",474501.44085221
"2918",441128.895593869
"2919",1212659.26761672
"2920",525229.350446714
"2921",530158.463666749
"2922",414772.942860801
"2923",494792.40750565
"2924",327409.560752021
"2925",265598.848644655
"2926",751281.367860609
"2927",663197.039813196
"2928",684162.939481497
"2929",591688.923849487
"2930",531889.386994012
"2931",449572.441341819
"2932",475846.199047085
"2933",337887.690791473
"2934",437632.951916989
"2935",416153.997620697
"2936",272569.749468227
"2937",386425.304178141
"2938",440736.144360388
"2939",551397.795024798
"2940",439042.569585563
"2941",1688861.88136845
"2942",494147.971235107
"2943",342525.680523335
"2944",632101.412488286
"2945",321638.189644741
"2946",817444.03890059
"2947",474498.912495384
"2948",361961.814883355
"2949",504602.174878954
"2950",296370.758352022
"2951",412814.331081645
"2952",876145.180284305
"2953",352295.915930621
"2954",401268.968007647
"2955",809556.211680525
"2956",498647.554322896
"2957",307897.453879654
"2958",823265.513338034
"2959",331841.242882948
"2960",443225.045773647
"2961",448665.658354425
"2962",619404.297309974
"2963",406997.440773018
"2964",995334.856755789
"2965",640581.993669442
"2966",392414.235927425
"2967",681108.466001734
"2968",477514.970010264
"2969",522779.530093906
"2970",625602.234914954
"2971",261831.608517878
"2972",496479.901530238
"2973",435068.556346242
"2974",1160331.80716492
"2975",547719.821338274
"2976",1195059.59405588
"2977",514228.414706496
"2978",714864.640713449
"2979",672949.331098147
"2980",576115.266777923
"2981",942364.908696774
"2982",645639.283797689
"2983",342525.680523335
"2984",522861.53801531
"2985",690196.805410888
"2986",617726.9014394
"2987",283363.233791397
"2988",630532.763015001
"2989",618857.859688936
"2990",314645.019618784
"2991",412150.998941111
"2992",556682.050720778
"2993",422705.631692153
"2994",458173.173833339
"2995",397858.191413691
"2996",266565.219105032
"2997",447008.52665025
"2998",306577.413246247
"2999",393768.54272111
"3000",434056.83696878
"3001",677389.959676279
"3002",1177617.10723862
"3003",833486.895240291
"3004",969842.412239321
"3005",837132.00173911
"3006",622779.09604617
"3007",540134.580164496
"3008",384614.054971081
"3009",396380.964036715
"3010",238587.635018308
"3011",792333.522141205
"3012",434899.390083373
"3013",727434.338480083
"3014",789286.984338455
"3015",582868.46634061
"3016",401268.968007647
"3017",414772.942860801
"3018",412814.331081645
"3019",477619.79637152
"3020",510677.790901961
"3021",567683.055889038
"3022",645639.283797689
"3023",295139.135261873
"3024",276769.253139819
"3025",356970.154978464
"3026",572834.258451429
"3027",545181.583442208
"3028",508708.954435584
"3029",330354.191334499
"3030",565762.563411979
"3031",330354.191334499
"3032",527468.596081314
"3033",769371.427169415
"3034",642747.375728593
"3035",545181.583442208
"3036",796004.096766586
"3037",540623.386028472
"3038",385003.346767057
"3039",292705.361595994
"3040",760719.348968074
"3041",469145.133305883
"3042",422705.631692153
"3043",593729.272276622
"3044",669932.292421
"3045",352066.91261683
"3046",443225.045773647
"3047",347252.087798454
"3048",498821.655996843
"3049",302676.236374865
"3050",695762.509145288
"3051",836362.2782676
"3052",529543.382232269
"3053",292705.361595994
"3054",609177.867539595
"3055",392771.678040736
"3056",406997.440773018
"3057",393768.54272111
"3058",753045.294244057
"3059",519697.557698021
"3060",628432.370951151
"3061",324504.226855435
"3062",769956.129769577
"3063",505905.864425495
"3064",1143203.69383479
"3065",1411783.08366925
"3066",339423.863197288
"3067",280022.034693979
"3068",772666.126268906
"3069",583769.285563079
"3070",382812.629935495
"3071",568379.394679829
"3072",494874.17571475
"3073",360590.245634267
"3074",482337.860189148
"3075",992220.279593387
"3076",449572.441341819
"3077",439950.03814219
"3078",775970.649539869
"3079",324504.226855435
"3080",565762.563411979
"3081",416741.378811429
"3082",363650.869677124
"3083",636984.195994657
"3084",459955.295526686
"3085",443225.045773647
"3086",443225.045773647
"3087",360288.104076918
"3088",410865.543473963
"3089",302676.236374865
"3090",333236.083077085
"3091",617162.290823021
"3092",377467.299857573
"3093",388246.377556673
"3094",515055.317671021
"3095",1843013.35646789
"3096",454607.236776606
"3097",819823.451666447
"3098",403929.977765285
"3099",289128.382383222
"3100",458347.135958157
"3101",265598.848644655
"3102",545181.583442208
"3103",440690.071181163
"3104",316024.005281029
"3105",399379.125428803
"3106",286792.850432073
"3107",434742.502999331
"3108",379239.252378741
"3109",298863.47704674
"3110",515489.01406432
"3111",264642.302355751
"3112",443562.863322645
"3113",840623.184268062
"3114",584286.689887863
"3115",306577.413246247
"3116",464726.877002446
"3117",473602.686295211
"3118",265598.848644655
"3119",405078.125679754
"3120",540842.073972685
"3121",506709.082161287
"3122",684128.088299979
"3123",342525.680523335
"3124",460347.917384902
"3125",675098.693919662
"3126",311916.520808713
"3127",579142.135513291
"3128",420980.532580686
"3129",852455.971150544
"3130",522779.530093906
"3131",317412.815114748
"3132",657305.157788802
"3133",863100.462627809
"3134",416741.378811429
"3135",1101071.10251257
"3136",379239.252378741
"3137",592921.613986393
"3138",371328.151612721
"3139",311916.520808713
"3140",382812.629935495
"3141",581257.293807962
"3142",339423.863197288
"3143",449572.441341819
"3144",381378.563310486
"3145",314645.019618784
"3146",503534.637444471
"3147",455498.188702514
"3148",746583.610274225
"3149",269523.275515001
"3150",966308.212620352
"3151",281125.943554979
"3152",669128.218523483
"3153",730601.323350424
"3154",515816.904369534
"3155",403168.634757964
"3156",412814.331081645
"3157",390077.275106679
"3158",953722.631716204
"3159",327409.560752021
"3160",443461.382082967
"3161",434899.390083373
"3162",390077.275106679
"3163",483977.207957973
"3164",736964.765605525
"3165",475854.171962439
"3166",346840.815216006
"3167",403168.634757964
"3168",285639.820713708
"3169",439042.569585563
"3170",785943.164381599
"3171",719460.576491629
"3172",636993.032104822
"3173",450490.119979624
"3174",738008.571631987
"3175",379239.252378741
"3176",494147.971235107
"3177",681901.140352551
"3178",647918.309521679
"3179",422705.631692153
"3180",496479.901530238
"3181",314645.019618784
"3182",462532.485107937
"3183",345666.794535274
"3184",606046.570434399
"3185",672108.544135836
"3186",583196.470653522
"3187",443063.184132327
"3188",355325.916686446
"3189",540134.580164496
"3190",684128.088299979
"3191",323066.296164351
"3192",453853.159244633
"3193",350452.146839231
"3194",657305.157788802
"3195",487211.125378551
"3196",375488.923203455
"3197",545181.583442208
"3198",1005291.4436587
"3199",535473.877589414
"3200",318811.449119939
"3201",688467.474512628
"3202",631277.985166942
"3203",416741.378811429
"3204",291503.211020263
"3205",473602.686295211
"3206",277843.689486399
"3207",313275.858128012
"3208",356970.154978464
"3209",505905.864425495
"3210",448731.209592333
"3211",767034.121271376
"3212",565762.563411979
"3213",399345.24296214
"3214",306577.413246247
"3215",501173.23463492
"3216",690196.805410888
"3217",316107.883496778
"3218",952135.765602118
"3219",878707.548427922
"3220",493040.146452517
"3221",527378.932795971
"3222",384614.054971081
"3223",324504.226855435
"3224",368754.899823833
"3225",278927.950004453
"3226",693245.900223553
"3227",587553.264140994
"3228",408926.580037754
"3229",478099.535970432
"3230",546747.629947942
"3231",833650.643381631
"3232",456886.849814513
"3233",363606.671532653
"3234",364597.399947748
"3235",301395.49242735
"3236",527688.994970995
"3237",845287.303078975
"3238",297433.068365445
"3239",1431229.70146702
"3240",451007.710264467
"3241",736964.765605525
"3242",703562.294942751
"3243",252282.192315768
"3244",445331.020124898
"3245",568379.394679829
"3246",785943.164381599
"3247",286792.850432073
"3248",692423.729811324
"3249",821656.204374872
"3250",321638.189644741
"3251",939325.734403036
"3252",511597.196161029
"3253",555643.906507038
"3254",825091.80267236
"3255",286792.850432073
"3256",365338.709010648
"3257",687932.675832856
"3258",585135.647499083
"3259",969003.800809401
"3260",660246.186715262
"3261",305267.196784313
"3262",428758.302116134
"3263",858226.459484917
"3264",746583.610274225
"3265",553878.168090258
"3266",597812.9339434
"3267",436684.619710312
"3268",301395.49242735
"3269",412225.958467176
"3270",620758.8441337
"3271",988326.30603404
"3272",453853.159244633
"3273",645932.043986293
"3274",605066.738286173
"3275",283363.233791397
"3276",439042.569585563
"3277",412543.219975349
"3278",506841.956599545
"3279",654373.953033814
"3280",286792.850432073
"3281",302676.236374865
"3282",404769.720389723
"3283",269523.275515001
"3284",1035936.95262083
"3285",390077.275106679
"3286",325951.981717991
"3287",826717.399181093
"3288",292705.361595994
"3289",545181.583442208
"3290",515489.01406432
"3291",958268.341513813
"3292",806153.446694831
"3293",316024.005281029
"3294",434899.390083373
"3295",595088.036789347
"3296",405879.511197652
"3297",563155.556315602
"3298",498821.655996843
"3299",313275.858128012
"3300",298863.47704674
"3301",555393.480055309
"3302",504225.146894239
"3303",361563.414150521
"3304",571580.622693336
"3305",334844.818494265
"3306",378838.422325047
"3307",775970.649539869
"3308",717992.328897898
"3309",339423.863197288
"3310",361961.814883355
"3311",1450833.50600836
"3312",508286.915577991
"3313",537625.81478285
"3314",336361.342557133
"3315",674046.898695584
"3316",742873.754638747
"3317",487211.125378551
"3318",291503.211020263
"3319",368754.899823833
"3320",825118.270633727
"3321",1173672.28230833
"3322",724277.177781215
"3323",323066.296164351
"3324",316024.005281029
"3325",441128.895593869
"3326",475025.296777597
"3327",894169.822779106
"3328",260006.933483328
"3329",430795.507267074
"3330",311161.742793234
"3331",422705.631692153
"3332",347252.087798454
"3333",432842.536589487
"3334",363645.349861265
"3335",447446.818647622
"3336",848393.030131635
"3337",475487.545905709
"3338",1217083.74643561
"3339",636993.032104822
"3340",410865.543473963
"3341",513078.490397404
"3342",372210.38732291
"3343",314856.612063682
"3344",381021.029071381
"3345",436966.067748731
"3346",388246.377556673
"3347",558540.739813347
"3348",405078.125679754
"3349",405078.125679754
"3350",313275.858128012
"3351",325951.981717991
"3352",358386.775392969
"3353",491825.865111448
"3354",525427.746149269
"3355",493033.453993271
"3356",515930.017911716
"3357",405078.125679754
"3358",282239.676587452
"3359",516523.753209259
"3360",561855.736831715
"3361",463409.062965164
"3362",403168.634757964
"3363",819823.451666447
"3364",378329.462313975
"3365",264642.302355751
"3366",537625.81478285
"3367",269523.275515001
"3368",912975.057572985
"3369",505905.864425495
"3370",816391.214166333
"3371",405078.125679754
"3372",1143203.69383479
"3373",347252.087798454
"3374",1230416.12792113
"3375",321638.189644741
"3376",1061616.03904328
"3377",636993.032104822
"3378",709989.859257934
"3379",455797.698773267
"3380",480416.915660184
"3381",1232728.27882183
"3382",350452.146839231
"3383",468380.044353005
"3384",675098.693919662
"3385",1143203.69383479
"3386",567003.912341699
"3387",473825.075297095
"3388",430623.735204104
"3389",494147.971235107
"3390",639612.088764999
"3391",494669.113855902
"3392",530158.463666749
"3393",274649.852961077
"3394",334844.818494265
"3395",370477.731487635
"3396",498821.655996843
"3397",430795.507267074
"3398",358624.217441954
"3399",456523.014901484
"3400",608810.764274345
"3401",573642.529729948
"3402",449572.441341819
"3403",663401.912349556
"3404",666388.594901268
"3405",447446.818647622
"3406",916207.400986326
"3407",302676.236374865
"3408",515489.01406432
"3409",399379.125428803
"3410",464726.877002446
"3411",710209.400839552
"3412",484918.491769312
"3413",447446.818647622
"3414",367041.892331504
"3415",858226.459484917
"3416",625822.270527226
"3417",390077.275106679
"3418",546348.662393983
"3419",246083.799382549
"3420",427972.327489291
"3421",1455013.61397913
"3422",290310.884616006
"3423",431836.893221852
"3424",428758.302116134
"3425",501698.491980612
"3426",426291.669905259
"3427",353691.502565901
"3428",327409.560752021
"3429",374742.850776537
"3430",537625.81478285
"3431",623977.932851915
"3432",271544.433979012
"3433",488814.920644243
"3434",692058.187623485
"3435",391426.107117453
"3436",309227.318684534
"3437",444557.471182512
"3438",314645.019618784
"3439",270528.94266127
"3440",434899.390083373
"3441",714327.687755602
"3442",273604.889128916
"3443",334844.818494265
"3444",300124.572651309
"3445",482635.682331545
"3446",557971.014637267
"3447",753045.294244057
"3448",424713.364328673
"3449",809556.211680525
"3450",395628.912785534
"3451",764102.133453363
"3452",908822.244898028
"3453",314645.019618784
"3454",816391.214166333
"3455",474066.045595168
"3456",274649.852961077
"3457",307897.453879654
"3458",307897.453879654
"3459",937526.12223889
"3460",482635.682331545
"3461",584186.561056654
"3462",350452.146839231
"3463",263695.58023832
"3464",530615.113685325
"3465",496747.844447491
"3466",756290.872486182
"3467",610539.722646021
"3468",264642.302355751
"3469",436966.067748731
"3470",289128.382383222
"3471",462532.485107937
"3472",277843.689486399
"3473",1080373.21328171
"3474",938598.649366576
"3475",471368.997714811
"3476",503534.637444471
"3477",277843.689486399
"3478",965168.772278892
"3479",592372.963806766
"3480",570444.945351208
"3481",345666.794535274
"3482",410865.543473963
"3483",277843.689486399
"3484",678098.667874962
"3485",424713.364328673
"3486",365338.709010648
"3487",743367.504546519
"3488",444557.471182512
"3489",487124.822582352
"3490",722361.28481053
"3491",405391.690870666
"3492",355325.916686446
"3493",410865.543473963
"3494",386425.304178141
"3495",386425.304178141
"3496",420327.033330921
"3497",346322.392856302
"3498",342525.680523335
"3499",663197.039813196
"3500",680136.693327266
"3501",430256.512044409
"3502",369454.73941442
"3503",615503.037030472
"3504",717992.328897898
"3505",529536.741309179
"3506",285639.820713708
"3507",485847.318159785
"3508",475487.545905709
"3509",493481.677974837
"3510",286792.850432073
"3511",573642.529729948
"3512",560558.373390698
"3513",289128.382383222
"3514",442914.403317791
"3515",1126232.76724822
"3516",479116.393994459
"3517",678098.667874962
"3518",579200.440314076
"3519",405078.125679754
"3520",869264.872006501
"3521",373952.867329658
"3522",632053.845443603
"3523",264642.302355751
"3524",552825.769644824
"3525",893175.124160296
"3526",478099.535970432
"3527",404996.838041603
"3528",1190684.23609436
"3529",406997.440773018
"3530",555833.135088308
"3531",577881.910368262
"3532",849916.038293036
"3533",415455.490022373
"3534",706667.814472808
"3535",540134.580164496
"3536",543278.886905637
"3537",367041.892331504
"3538",535126.873572677
"3539",281125.943554979
"3540",376536.721304405
"3541",449705.177685517
"3542",576057.295280935
"3543",330354.191334499
"3544",495034.836955162
"3545",470515.236900326
"3546",449572.441341819
"3547",453853.159244633
"3548",542653.169717616
"3549",548085.176419715
"3550",507327.285442358
"3551",401268.968007647
"3552",435479.380547443
"3553",555790.62885108
"3554",302676.236374865
"3555",687157.534769697
"3556",323066.296164351
"3557",672108.544135836
"3558",451707.88820749
"3559",717992.328897898
"3560",342525.680523335
"3561",354905.395472947
"3562",385800.436648637
"3563",578944.961465959
"3564",416256.351844234
"3565",416741.378811429
"3566",516183.830085792
"3567",615245.030837823
"3568",608810.764274345
"3569",590120.22392255
"3570",254768.68849503
"3571",662091.992184722
"3572",480362.697065252
"3573",282239.676587452
"3574",947108.247117938
"3575",466931.093068428
"3576",509321.697848019
"3577",571854.845857176
"3578",323066.296164351
"3579",311916.520808713
"3580",673797.744288896
"3581",406997.440773018
"3582",367041.892331504
"3583",618659.152245128
"3584",408926.580037754
"3585",475837.998116336
"3586",763036.110300545
"3587",471368.997714811
"3588",363645.349861265
"3589",292705.361595994
"3590",494343.735142837
"3591",382812.629935495
"3592",719605.63216163
"3593",632020.027972801
"3594",307897.453879654
"3595",390077.275106679
"3596",324504.226855435
"3597",589667.714995659
"3598",570566.612089575
"3599",576288.833512217
"3600",285639.820713708
"3601",372210.38732291
"3602",474350.670686993
"3603",523825.203582163
"3604",429054.872321468
"3605",491258.326634789
"3606",291503.211020263
"3607",376731.318763726
"3608",402588.178782283
"3609",1698388.04052851
"3610",463404.793266113
"3611",317368.979101346
"3612",447374.387535841
"3613",297612.205613645
"3614",466653.718845906
"3615",1416630.00186148
"3616",298863.47704674
"3617",743871.227887353
"3618",584186.561056654
"3619",325951.981717991
"3620",608810.764274345
"3621",1226472.49719677
"3622",373952.867329658
"3623",284496.615166816
"3624",278927.950004453
"3625",511820.617495648
"3626",264642.302355751
"3627",352066.91261683
"3628",426730.921136667
"3629",386002.524236274
"3630",397052.779637164
"3631",595088.036789347
"3632",287955.704321911
"3633",292705.361595994
"3634",395628.912785534
"3635",588529.633797516
"3636",610112.614569905
"3637",408926.580037754
"3638",848028.152258713
"3639",634416.398017897
"3640",342884.84894968
"3641",840623.184268062
"3642",398411.009000708
"3643",487211.125378551
"3644",399841.001490459
"3645",532637.756533976
"3646",373952.867329658
"3647",321638.189644741
"3648",426101.962969131
"3649",703353.601454274
"3650",699373.562363301
"3651",535126.873572677
"3652",473602.686295211
"3653",406997.440773018
"3654",375705.171507879
"3655",327409.560752021
"3656",709491.898277812
"3657",528540.676513964
"3658",581610.913591174
"3659",699376.899073812
"3660",631277.985166942
"3661",324504.226855435
"3662",446502.411535124
"3663",651452.572450299
"3664",521398.271097248
"3665",443225.045773647
"3666",766086.552241397
"3667",412814.331081645
"3668",325951.981717991
"3669",368754.899823833
"3670",719243.015541396
"3671",534718.739967185
"3672",386425.304178141
"3673",300124.572651309
"3674",496010.305108781
"3675",414772.942860801
"3676",633202.124949427
"3677",558540.739813347
"3678",333338.11860287
"3679",468779.617420997
"3680",1300929.36825691
"3681",445331.020124898
"3682",598604.030394673
"3683",560374.820611735
"3684",553188.781963811
"3685",541833.061138309
"3686",610208.278550286
"3687",323371.590996471
"3688",607206.640445265
"3689",513458.784210019
"3690",602873.178466525
"3691",439042.569585563
"3692",1130460.76263766
"3693",490763.430154942
"3694",347252.087798454
"3695",492217.364407866
"3696",658648.469983716
"3697",336361.342557133
"3698",508286.915577991
"3699",789844.645961148
"3700",543702.580432132
"3701",667528.728683156
"3702",789286.984338455
"3703",714864.640713449
"3704",451707.88820749
"3705",298863.47704674
"3706",433709.219026943
"3707",303966.804493853
"3708",300124.572651309
"3709",475487.545905709
"3710",355325.916686446
"3711",408929.351835001
"3712",342525.680523335
"3713",367041.892331504
"3714",412642.953339448
"3715",546298.474489862
"3716",486368.040156855
"3717",465121.083408478
"3718",354670.972137651
"3719",332740.357046697
"3720",578711.587654354
"3721",382812.629935495
"3722",295139.135261873
"3723",393768.54272111
"3724",657305.157788802
"3725",515112.803548422
"3726",570120.901154726
"3727",733912.970947975
"3728",589667.714995659
"3729",462870.794163271
"3730",752915.635783754
"3731",474494.985580949
"3732",690196.805410888
"3733",330354.191334499
"3734",597812.9339434
"3735",566401.67171347
"3736",861176.833389884
"3737",347252.087798454
"3738",456509.972767608
"3739",578612.919120921
"3740",298863.47704674
"3741",277843.689486399
"3742",528825.790896034
"3743",517369.571843523
"3744",515489.01406432
"3745",414772.942860801
"3746",317412.815114748
"3747",260006.933483328
"3748",675098.693919662
"3749",571006.050119152
"3750",321638.189644741
"3751",836336.62081855
"3752",370477.731487635
"3753",639865.291830971
"3754",510091.649566567
"3755",636993.032104822
"3756",274649.852961077
"3757",916116.980411031
"3758",352066.91261683
"3759",865336.538771971
"3760",1386766.59756223
"3761",339423.863197288
"3762",806153.446694831
"3763",614368.624468656
"3764",554735.832436378
"3765",281125.943554979
"3766",684128.088299979
"3767",668992.457133942
"3768",288126.668088654
"3769",705540.521188941
"3770",316024.005281029
"3771",379239.252378741
"3772",517909.361902709
"3773",355325.916686446
"3774",568379.394679829
"3775",405078.125679754
"3776",497520.800719091
"3777",500203.331946568
"3778",558461.271241613
"3779",578320.336481309
"3780",361961.814883355
"3781",669128.218523483
"3782",515489.01406432
"3783",458173.173833339
"3784",292705.361595994
"3785",2058656.60004833
"3786",441128.895593869
"3787",1109419.02740523
"3788",942742.807989129
"3789",1225962.17658782
"3790",453853.159244633
"3791",307897.453879654
"3792",851155.676883756
"3793",840623.184268062
"3794",948011.330955523
"3795",894169.822779106
"3796",283363.233791397
"3797",281125.943554979
"3798",292705.361595994
"3799",689117.917673186
"3800",414772.942860801
"3801",292705.361595994
"3802",443225.045773647
"3803",636984.195994657
"3804",774421.931555153
"3805",750317.078579608
"3806",403168.634757964
"3807",441128.895593869
"3808",307897.453879654
"3809",606046.570434399
"3810",733778.132392238
"3811",464787.018453305
"3812",377467.299857573
"3813",1089654.56752022
"3814",851155.676883756
"3815",321638.189644741
"3816",426730.921136667
"3817",372771.196863506
"3818",554335.205473107
"3819",434899.390083373
"3820",879674.587403754
"3821",756290.872486182
"3822",504860.500077584
"3823",347568.752203661
"3824",555393.480055309
"3825",313275.858128012
"3826",300124.572651309
"3827",568044.399317894
"3828",666157.717082603
"3829",514933.99624159
"3830",1623812.25938135
"3831",361376.360571761
"3832",340969.859774575
"3833",751103.822809769
"3834",573642.529729948
"3835",683486.167492874
"3836",451707.88820749
"3837",433657.796316121
"3838",636993.032104822
"3839",1131253.3798738
"3840",341435.574461198
"3841",649610.328267731
"3842",313275.858128012
"3843",573642.529729948
"3844",290310.884616006
"3845",452962.847546779
"3846",388246.377556673
"3847",260914.358914866
"3848",559813.613917819
"3849",439042.569585563
"3850",1813741.31020137
"3851",547168.802016653
"3852",285639.820713708
"3853",306577.413246247
"3854",423176.086183195
"3855",480362.697065252
"3856",1032619.76586097
"3857",331970.853709395
"3858",1032359.47601498
"3859",368754.899823833
"3860",443225.045773647
"3861",912509.91085644
"3862",552825.769644824
"3863",453853.159244633
"3864",416741.378811429
"3865",402171.429509065
"3866",547719.821338274
"3867",478099.535970432
"3868",667505.530220348
"3869",1178649.32470412
"3870",746583.610274225
"3871",510677.790901961
"3872",617162.290823021
"3873",852022.324077311
"3874",816391.214166333
"3875",1143576.09778885
"3876",678098.667874962
"3877",537625.81478285
"3878",277843.689486399
"3879",606046.570434399
"3880",573085.50497288
"3881",347252.087798454
"3882",1817125.22841549
"3883",292946.970611716
"3884",360288.104076918
"3885",439042.569585563
"3886",1411783.08366925
"3887",1043120.59055537
"3888",428758.302116134
"3889",357104.518233542
"3890",426730.921136667
"3891",560558.373390698
"3892",782609.168596216
"3893",858226.459484917
"3894",619965.781348859
"3895",573642.529729948
"3896",578147.091541832
"3897",766086.552241397
"3898",625602.234914954
"3899",792640.628466784
"3900",775970.649539869
"3901",377467.299857573
"3902",334844.818494265
"3903",934842.214207852
"3904",480362.697065252
"3905",929529.6253048
"3906",919914.715287685
"3907",420707.723227105
"3908",589973.978850862
"3909",705540.521188941
"3910",460347.917384902
"3911",560558.373390698
"3912",395087.731933202
"3913",799377.389237861
"3914",356294.519508733
"3915",444677.779625662
"3916",663197.039813196
"3917",537625.81478285
"3918",442973.326784086
"3919",405078.125679754
"3920",840623.184268062
"3921",672949.331098147
"3922",853261.31571512
"3923",391917.996828158
"3924",681108.466001734
"3925",327409.560752021
"3926",333338.11860287
"3927",346531.161967798
"3928",397499.107021432
"3929",368926.740902497
"3930",414772.942860801
"3931",1045086.54984767
"3932",323066.296164351
"3933",618282.50813278
"3934",625602.234914954
"3935",941987.840676038
"3936",458173.173833339
"3937",520339.533912571
"3938",335880.906453602
"3939",368754.899823833
"3940",1358048.48809209
"3941",1208244.6129693
"3942",901476.385495621
"3943",354785.033277551
"3944",265598.848644655
"3945",759546.274899781
"3946",350452.146839231
"3947",931095.603220601
"3948",383996.731322139
"3949",740161.222990285
"3950",953722.631716204
"3951",336361.342557133
"3952",350452.146839231
"3953",740161.222990285
"3954",954406.556827676
"3955",414772.942860801
"3956",796004.096766586
"3957",1538126.77431296
"3958",400240.477681117
"3959",557017.583238455
"3960",714212.935005986
"3961",475841.259203827
"3962",714864.640713449
"3963",714864.640713449
"3964",1111239.93554814
"3965",1031700.34461788
"3966",323066.296164351
"3967",379239.252378741
"3968",571071.268053263
"3969",721129.84125382
"3970",540134.580164496
"3971",379239.252378741
"3972",660246.186715262
"3973",599661.20428585
"3974",700110.488085139
"3975",823887.510430159
"3976",315138.613690033
"3977",382654.01623019
"3978",569137.46849682
"3979",1113607.72610877
"3980",377467.299857573
"3981",382901.900807928
"3982",942785.893967316
"3983",865336.538771971
"3984",785943.164381599
"3985",451707.88820749
"3986",847635.021840385
"3987",680505.720442661
"3988",573642.529729948
"3989",496479.901530238
"3990",1096911.87632345
"3991",493915.318535025
"3992",340969.859774575
"3993",942924.958731328
"3994",562842.846978186
"3995",379239.252378741
"3996",318811.449119939
"3997",1117806.24898378
"3998",746583.610274225
"3999",400890.213558161
"4000",886902.556748484
"4001",360288.104076918
"4002",898147.325044729
"4003",872485.914744916
"4004",402210.118464834
"4005",1241198.69273867
"4006",642747.375728593
"4007",559813.161865914
"4008",278927.950004453
"4009",403456.115681123
"4010",782609.168596216
"4011",395628.912785534
"4012",387152.554628977
"4013",693245.900223553
"4014",1051624.79838418
"4015",414772.942860801
"4016",1126232.76724822
"4017",484918.491769312
"4018",1234879.90342591
"4019",334844.818494265
"4020",386425.304178141
"4021",384794.737804071
"4022",400356.962339602
"4023",2489008.95170477
"4024",368754.899823833
"4025",1402118.7197992
"4026",606046.570434399
"4027",796004.096766586
"4028",325951.981717991
"4029",549874.207960546
"4030",1105240.15287317
"4031",851155.676883756
"4032",642747.375728593
"4033",397499.107021432
"4034",823265.513338034
"4035",374085.377112527
"4036",787613.846338593
"4037",386310.121230079
"4038",318276.020839271
"4039",456008.25445325
"4040",1248280.11254794
"4041",363136.048973438
"4042",357465.342179506
"4043",380003.364967219
"4044",339423.863197288
"4045",434573.8195235
"4046",395628.912785534
"4047",372458.315025736
"4048",370477.731487635
"4049",355325.916686446
"4050",318811.449119939
"4051",355325.916686446
"4052",668161.769077659
"4053",608810.764274345
"4054",830179.109195626
"4055",345666.794535274
"4056",298725.74679931
"4057",1000037.6992265
"4058",348847.205233106
"4059",1063991.73698353
"4060",370305.006233538
"4061",608810.764274345
"4062",1042930.81197753
"4063",761504.231950247
"4064",816391.214166333
"4065",513078.490397404
"4066",406167.630132774
"4067",1173281.04596298
"4068",373952.867329658
"4069",631277.985166942
"4070",540134.580164496
"4071",779284.996982306
"4072",431903.96829883
"4073",642705.090165445
"4074",354785.033277551
"4075",496479.901530238
"4076",545181.583442208
"4077",503948.610941556
"4078",386062.268403011
"4079",401729.703923847
"4080",456008.25445325
"4081",375779.178221533
"4082",308428.220901029
"4083",597812.9339434
"4084",690543.43078265
"4085",324504.226855435
"4086",666395.133898386
"4087",432842.536589487
"4088",714864.640713449
"4089",410605.556341701
"4090",359233.923803407
"4091",806774.916420263
"4092",844124.190968487
"4093",1064299.74680645
"4094",942364.908696774
"4095",573642.529729948
"4096",426730.921136667
"4097",689588.165348932
"4098",428686.444328684
"4099",811602.586274249
"4100",1168954.80885882
"4101",666157.717082603
"4102",416741.378811429
"4103",379239.252378741
"4104",449572.441341819
"4105",766086.552241397
"4106",365142.833311309
"4107",984914.866281497
"4108",374085.377112527
"4109",399379.125428803
"4110",934842.214207852
"4111",386425.304178141
"4112",359785.409398161
"4113",702452.129690384
"4114",427857.314825492
"4115",403489.584172331
"4116",473378.875349455
"4117",763287.418985309
"4118",357833.403828075
"4119",367041.892331504
"4120",576288.833512217
"4121",375779.178221533
"4122",886902.556748484
"4123",373778.177241267
"4124",298863.47704674
"4125",666157.717082603
"4126",447446.818647622
"4127",505905.864425495
"4128",573642.529729948
"4129",595088.036789347
"4130",1074621.81658526
"4131",819823.451666447
"4132",606046.570434399
"4133",756290.872486182
"4134",886902.556748484
"4135",894169.822779106
"4136",333300.718514275
"4137",336361.342557133
"4138",1217327.81205568
"4139",384614.054971081
"4140",1059920.92833766
"4141",274649.852961077
"4142",761593.745878583
"4143",362612.149922962
"4144",445331.020124898
"4145",408852.452586549
"4146",597812.9339434
"4147",405078.125679754
"4148",772666.126268906
"4149",460347.917384902
"4150",311645.83224543
"4151",515489.01406432
"4152",746583.610274225
"4153",656131.49698623
"4154",883283.659990383
"4155",301395.49242735
"4156",952511.35041942
"4157",378516.643360138
"4158",422705.631692153
"4159",669128.218523483
"4160",555393.480055309
"4161",386425.304178141
"4162",418719.638933531
"4163",757815.331387955
"4164",540969.361383132
"4165",300124.572651309
"4166",311916.520808713
"4167",407966.561468097
"4168",401268.968007647
"4169",586972.290356024
"4170",661927.278382726
"4171",614368.624468656
"4172",338475.457583681
"4173",1092762.47430581
"4174",361961.814883355
"4175",693245.900223553
"4176",239862.156450367
"4177",331841.242882948
"4178",321638.189644741
"4179",399732.327874133
"4180",759546.274899781
"4181",738020.882238994
"4182",537625.81478285
"4183",729240.096698556
"4184",372210.38732291
"4185",355325.916686446
"4186",373052.869246663
"4187",1266401.40876065
"4188",1247755.01929153
"4189",365001.522970406
"4190",346284.609382322
"4191",1105240.15287317
"4192",515489.01406432
"4193",477197.022300517
"4194",517909.361902709
"4195",919914.715287685
"4196",789286.984338455
"4197",382812.629935495
"4198",416741.378811429
"4199",960871.293524287
"4200",653788.890983393
"4201",466931.093068428
"4202",345666.794535274
"4203",300124.572651309
"4204",550267.883405813
"4205",1068072.36980086
"4206",816391.214166333
"4207",799377.389237861
"4208",651452.572450299
"4209",456074.532169388
"4210",325690.127962042
"4211",1526714.01346698
"4212",584286.689887863
"4213",1243836.9269499
"4214",845794.917946307
"4215",318811.449119939
"4216",513498.778855098
"4217",517424.506401313
"4218",418724.318263462
"4219",586972.290356024
"4220",1024098.82094717
"4221",771676.685001054
"4222",493216.9168514
"4223",396512.620490409
"4224",265598.848644655
"4225",1186318.7023043
"4226",595088.036789347
"4227",600547.655268927
"4228",545181.583442208
"4229",300124.572651309
