"","x"
"1",259838.357855194
"2",761212.63014629
"3",510525.494000742
"4",635869.062073516
"5",259838.357855194
"6",635869.062073516
"7",573197.278037129
"8",635869.062073516
"9",447853.709964355
"10",510525.494000742
"11",447853.709964355
"12",635869.062073516
"13",635869.062073516
"14",447853.709964355
"15",447853.709964355
"16",635869.062073516
"17",573197.278037129
"18",573197.278037129
"19",635869.062073516
"20",259838.357855194
"21",259838.357855194
"22",259838.357855194
"23",573197.278037129
"24",510525.494000742
"25",635869.062073516
"26",447853.709964355
"27",635869.062073516
"28",635869.062073516
"29",635869.062073516
"30",635869.062073516
"31",259838.357855194
"32",447853.709964355
"33",635869.062073516
"34",259838.357855194
"35",510525.494000742
"36",510525.494000742
"37",573197.278037129
"38",1011899.76629184
"39",635869.062073516
"40",510525.494000742
"41",573197.278037129
"42",197166.573818808
"43",259838.357855194
"44",447853.709964355
"45",259838.357855194
"46",761212.63014629
"47",635869.062073516
"48",761212.63014629
"49",635869.062073516
"50",510525.494000742
"51",635869.062073516
"52",573197.278037129
"53",823884.414182677
"54",823884.414182677
"55",259838.357855194
"56",573197.278037129
"57",510525.494000742
"58",259838.357855194
"59",510525.494000742
"60",259838.357855194
"61",510525.494000742
"62",698540.846109903
"63",447853.709964355
"64",447853.709964355
"65",635869.062073516
"66",510525.494000742
"67",197166.573818808
"68",698540.846109903
"69",259838.357855194
"70",259838.357855194
"71",635869.062073516
"72",635869.062073516
"73",761212.63014629
"74",573197.278037129
"75",447853.709964355
"76",573197.278037129
"77",635869.062073516
"78",698540.846109903
"79",635869.062073516
"80",698540.846109903
"81",573197.278037129
"82",259838.357855194
"83",635869.062073516
"84",823884.414182677
"85",385181.925927968
"86",447853.709964355
"87",573197.278037129
"88",259838.357855194
"89",510525.494000742
"90",761212.63014629
"91",635869.062073516
"92",385181.925927968
"93",259838.357855194
"94",447853.709964355
"95",447853.709964355
"96",573197.278037129
"97",635869.062073516
"98",510525.494000742
"99",510525.494000742
"100",259838.357855194
"101",823884.414182677
"102",385181.925927968
"103",510525.494000742
"104",510525.494000742
"105",385181.925927968
"106",635869.062073516
"107",447853.709964355
"108",259838.357855194
"109",573197.278037129
"110",259838.357855194
"111",1262586.90243739
"112",259838.357855194
"113",573197.278037129
"114",635869.062073516
"115",635869.062073516
"116",447853.709964355
"117",761212.63014629
"118",259838.357855194
"119",761212.63014629
"120",259838.357855194
"121",197166.573818808
"122",635869.062073516
"123",635869.062073516
"124",573197.278037129
"125",447853.709964355
"126",635869.062073516
"127",635869.062073516
"128",573197.278037129
"129",510525.494000742
"130",886556.198219064
"131",635869.062073516
"132",573197.278037129
"133",447853.709964355
"134",510525.494000742
"135",698540.846109903
"136",447853.709964355
"137",635869.062073516
"138",447853.709964355
"139",635869.062073516
"140",385181.925927968
"141",447853.709964355
"142",447853.709964355
"143",259838.357855194
"144",447853.709964355
"145",635869.062073516
"146",635869.062073516
"147",447853.709964355
"148",385181.925927968
"149",573197.278037129
"150",635869.062073516
"151",447853.709964355
"152",259838.357855194
"153",447853.709964355
"154",573197.278037129
"155",447853.709964355
"156",635869.062073516
"157",447853.709964355
"158",447853.709964355
"159",447853.709964355
"160",447853.709964355
"161",573197.278037129
"162",573197.278037129
"163",510525.494000742
"164",573197.278037129
"165",259838.357855194
"166",573197.278037129
"167",385181.925927968
"168",510525.494000742
"169",385181.925927968
"170",259838.357855194
"171",635869.062073516
"172",635869.062073516
"173",510525.494000742
"174",635869.062073516
"175",385181.925927968
"176",573197.278037129
"177",447853.709964355
"178",259838.357855194
"179",447853.709964355
"180",447853.709964355
"181",447853.709964355
"182",573197.278037129
"183",9151.22170964665
"184",447853.709964355
"185",635869.062073516
"186",635869.062073516
"187",385181.925927968
"188",635869.062073516
"189",510525.494000742
"190",635869.062073516
"191",510525.494000742
"192",385181.925927968
"193",259838.357855194
"194",259838.357855194
"195",635869.062073516
"196",573197.278037129
"197",447853.709964355
"198",510525.494000742
"199",635869.062073516
"200",259838.357855194
"201",698540.846109903
"202",510525.494000742
"203",259838.357855194
"204",510525.494000742
"205",447853.709964355
"206",635869.062073516
"207",259838.357855194
"208",447853.709964355
"209",510525.494000742
"210",259838.357855194
"211",259838.357855194
"212",573197.278037129
"213",447853.709964355
"214",573197.278037129
"215",447853.709964355
"216",259838.357855194
"217",259838.357855194
"218",259838.357855194
"219",259838.357855194
"220",761212.63014629
"221",698540.846109903
"222",698540.846109903
"223",385181.925927968
"224",259838.357855194
"225",635869.062073516
"226",259838.357855194
"227",635869.062073516
"228",635869.062073516
"229",635869.062073516
"230",823884.414182677
"231",259838.357855194
"232",447853.709964355
"233",385181.925927968
"234",259838.357855194
"235",259838.357855194
"236",510525.494000742
"237",635869.062073516
"238",635869.062073516
"239",635869.062073516
"240",635869.062073516
"241",635869.062073516
"242",761212.63014629
"243",635869.062073516
"244",447853.709964355
"245",573197.278037129
"246",259838.357855194
"247",698540.846109903
"248",447853.709964355
"249",573197.278037129
"250",447853.709964355
"251",635869.062073516
"252",635869.062073516
"253",635869.062073516
"254",635869.062073516
"255",510525.494000742
"256",698540.846109903
"257",259838.357855194
"258",698540.846109903
"259",259838.357855194
"260",635869.062073516
"261",635869.062073516
"262",447853.709964355
"263",510525.494000742
"264",698540.846109903
"265",635869.062073516
"266",635869.062073516
"267",635869.062073516
"268",573197.278037129
"269",698540.846109903
"270",635869.062073516
"271",447853.709964355
"272",447853.709964355
"273",259838.357855194
"274",510525.494000742
"275",447853.709964355
"276",635869.062073516
"277",447853.709964355
"278",573197.278037129
"279",761212.63014629
"280",259838.357855194
"281",635869.062073516
"282",635869.062073516
"283",635869.062073516
"284",385181.925927968
"285",573197.278037129
"286",635869.062073516
"287",635869.062073516
"288",1011899.76629184
"289",259838.357855194
"290",573197.278037129
"291",385181.925927968
"292",573197.278037129
"293",510525.494000742
"294",635869.062073516
"295",698540.846109903
"296",259838.357855194
"297",635869.062073516
"298",385181.925927968
"299",510525.494000742
"300",886556.198219064
"301",259838.357855194
"302",259838.357855194
"303",573197.278037129
"304",259838.357855194
"305",385181.925927968
"306",761212.63014629
"307",259838.357855194
"308",259838.357855194
"309",635869.062073516
"310",635869.062073516
"311",635869.062073516
"312",447853.709964355
"313",259838.357855194
"314",635869.062073516
"315",886556.198219064
"316",886556.198219064
"317",385181.925927968
"318",573197.278037129
"319",573197.278037129
"320",447853.709964355
"321",635869.062073516
"322",761212.63014629
"323",259838.357855194
"324",259838.357855194
"325",510525.494000742
"326",259838.357855194
"327",635869.062073516
"328",259838.357855194
"329",447853.709964355
"330",698540.846109903
"331",447853.709964355
"332",385181.925927968
"333",635869.062073516
"334",573197.278037129
"335",635869.062073516
"336",447853.709964355
"337",259838.357855194
"338",447853.709964355
"339",573197.278037129
"340",447853.709964355
"341",259838.357855194
"342",447853.709964355
"343",385181.925927968
"344",510525.494000742
"345",259838.357855194
"346",573197.278037129
"347",385181.925927968
"348",385181.925927968
"349",573197.278037129
"350",635869.062073516
"351",259838.357855194
"352",635869.062073516
"353",447853.709964355
"354",447853.709964355
"355",635869.062073516
"356",635869.062073516
"357",510525.494000742
"358",385181.925927968
"359",447853.709964355
"360",573197.278037129
"361",259838.357855194
"362",698540.846109903
"363",573197.278037129
"364",635869.062073516
"365",447853.709964355
"366",761212.63014629
"367",635869.062073516
"368",385181.925927968
"369",510525.494000742
"370",635869.062073516
"371",259838.357855194
"372",635869.062073516
"373",510525.494000742
"374",447853.709964355
"375",259838.357855194
"376",823884.414182677
"377",385181.925927968
"378",635869.062073516
"379",447853.709964355
"380",635869.062073516
"381",635869.062073516
"382",573197.278037129
"383",635869.062073516
"384",635869.062073516
"385",573197.278037129
"386",761212.63014629
"387",447853.709964355
"388",761212.63014629
"389",447853.709964355
"390",635869.062073516
"391",1262586.90243739
"392",510525.494000742
"393",635869.062073516
"394",886556.198219064
"395",385181.925927968
"396",510525.494000742
"397",510525.494000742
"398",573197.278037129
"399",573197.278037129
"400",197166.573818808
"401",698540.846109903
"402",447853.709964355
"403",635869.062073516
"404",259838.357855194
"405",635869.062073516
"406",635869.062073516
"407",510525.494000742
"408",635869.062073516
"409",573197.278037129
"410",259838.357855194
"411",259838.357855194
"412",510525.494000742
"413",635869.062073516
"414",259838.357855194
"415",698540.846109903
"416",447853.709964355
"417",259838.357855194
"418",635869.062073516
"419",635869.062073516
"420",259838.357855194
"421",573197.278037129
"422",635869.062073516
"423",259838.357855194
"424",886556.198219064
"425",635869.062073516
"426",573197.278037129
"427",635869.062073516
"428",823884.414182677
"429",698540.846109903
"430",385181.925927968
"431",761212.63014629
"432",573197.278037129
"433",510525.494000742
"434",259838.357855194
"435",635869.062073516
"436",510525.494000742
"437",510525.494000742
"438",447853.709964355
"439",635869.062073516
"440",635869.062073516
"441",886556.198219064
"442",510525.494000742
"443",447853.709964355
"444",635869.062073516
"445",259838.357855194
"446",635869.062073516
"447",573197.278037129
"448",635869.062073516
"449",635869.062073516
"450",635869.062073516
"451",886556.198219064
"452",447853.709964355
"453",447853.709964355
"454",635869.062073516
"455",447853.709964355
"456",698540.846109903
"457",385181.925927968
"458",761212.63014629
"459",510525.494000742
"460",635869.062073516
"461",761212.63014629
"462",259838.357855194
"463",510525.494000742
"464",447853.709964355
"465",447853.709964355
"466",635869.062073516
"467",510525.494000742
"468",259838.357855194
"469",259838.357855194
"470",698540.846109903
"471",698540.846109903
"472",259838.357855194
"473",259838.357855194
"474",385181.925927968
"475",447853.709964355
"476",573197.278037129
"477",510525.494000742
"478",635869.062073516
"479",447853.709964355
"480",573197.278037129
"481",259838.357855194
"482",635869.062073516
"483",573197.278037129
"484",823884.414182677
"485",259838.357855194
"486",385181.925927968
"487",447853.709964355
"488",573197.278037129
"489",635869.062073516
"490",259838.357855194
"491",573197.278037129
"492",635869.062073516
"493",259838.357855194
"494",447853.709964355
"495",635869.062073516
"496",259838.357855194
"497",635869.062073516
"498",823884.414182677
"499",886556.198219064
"500",259838.357855194
"501",259838.357855194
"502",447853.709964355
"503",761212.63014629
"504",447853.709964355
"505",447853.709964355
"506",635869.062073516
"507",259838.357855194
"508",635869.062073516
"509",761212.63014629
"510",886556.198219064
"511",635869.062073516
"512",573197.278037129
"513",698540.846109903
"514",698540.846109903
"515",573197.278037129
"516",761212.63014629
"517",761212.63014629
"518",635869.062073516
"519",447853.709964355
"520",698540.846109903
"521",259838.357855194
"522",447853.709964355
"523",635869.062073516
"524",635869.062073516
"525",447853.709964355
"526",259838.357855194
"527",259838.357855194
"528",259838.357855194
"529",761212.63014629
"530",635869.062073516
"531",447853.709964355
"532",635869.062073516
"533",1011899.76629184
"534",698540.846109903
"535",385181.925927968
"536",698540.846109903
"537",447853.709964355
"538",635869.062073516
"539",447853.709964355
"540",573197.278037129
"541",447853.709964355
"542",447853.709964355
"543",573197.278037129
"544",698540.846109903
"545",635869.062073516
"546",259838.357855194
"547",635869.062073516
"548",635869.062073516
"549",635869.062073516
"550",573197.278037129
"551",259838.357855194
"552",698540.846109903
"553",761212.63014629
"554",886556.198219064
"555",447853.709964355
"556",635869.062073516
"557",635869.062073516
"558",635869.062073516
"559",447853.709964355
"560",447853.709964355
"561",761212.63014629
"562",635869.062073516
"563",635869.062073516
"564",886556.198219064
"565",259838.357855194
"566",447853.709964355
"567",573197.278037129
"568",259838.357855194
"569",1137243.33436461
"570",447853.709964355
"571",635869.062073516
"572",510525.494000742
"573",510525.494000742
"574",259838.357855194
"575",573197.278037129
"576",259838.357855194
"577",447853.709964355
"578",259838.357855194
"579",886556.198219064
"580",259838.357855194
"581",635869.062073516
"582",259838.357855194
"583",635869.062073516
"584",385181.925927968
"585",886556.198219064
"586",447853.709964355
"587",259838.357855194
"588",447853.709964355
"589",259838.357855194
"590",510525.494000742
"591",259838.357855194
"592",259838.357855194
"593",635869.062073516
"594",447853.709964355
"595",447853.709964355
"596",698540.846109903
"597",635869.062073516
"598",385181.925927968
"599",447853.709964355
"600",698540.846109903
"601",573197.278037129
"602",635869.062073516
"603",635869.062073516
"604",447853.709964355
"605",385181.925927968
"606",635869.062073516
"607",259838.357855194
"608",698540.846109903
"609",259838.357855194
"610",573197.278037129
"611",886556.198219064
"612",447853.709964355
"613",635869.062073516
"614",510525.494000742
"615",635869.062073516
"616",259838.357855194
"617",761212.63014629
"618",259838.357855194
"619",635869.062073516
"620",698540.846109903
"621",698540.846109903
"622",385181.925927968
"623",259838.357855194
"624",447853.709964355
"625",635869.062073516
"626",510525.494000742
"627",259838.357855194
"628",259838.357855194
"629",447853.709964355
"630",635869.062073516
"631",259838.357855194
"632",635869.062073516
"633",510525.494000742
"634",259838.357855194
"635",447853.709964355
"636",447853.709964355
"637",447853.709964355
"638",259838.357855194
"639",259838.357855194
"640",573197.278037129
"641",259838.357855194
"642",259838.357855194
"643",259838.357855194
"644",447853.709964355
"645",447853.709964355
"646",949227.982255451
"647",259838.357855194
"648",447853.709964355
"649",573197.278037129
"650",761212.63014629
"651",259838.357855194
"652",635869.062073516
"653",510525.494000742
"654",573197.278037129
"655",385181.925927968
"656",259838.357855194
"657",510525.494000742
"658",259838.357855194
"659",635869.062073516
"660",635869.062073516
"661",447853.709964355
"662",1074571.55032823
"663",761212.63014629
"664",510525.494000742
"665",259838.357855194
"666",197166.573818808
"667",259838.357855194
"668",510525.494000742
"669",635869.062073516
"670",635869.062073516
"671",259838.357855194
"672",635869.062073516
"673",1137243.33436461
"674",510525.494000742
"675",510525.494000742
"676",635869.062073516
"677",949227.982255451
"678",259838.357855194
"679",447853.709964355
"680",510525.494000742
"681",635869.062073516
"682",510525.494000742
"683",635869.062073516
"684",259838.357855194
"685",447853.709964355
"686",573197.278037129
"687",510525.494000742
"688",259838.357855194
"689",761212.63014629
"690",573197.278037129
"691",385181.925927968
"692",949227.982255451
"693",510525.494000742
"694",761212.63014629
"695",510525.494000742
"696",823884.414182677
"697",573197.278037129
"698",385181.925927968
"699",447853.709964355
"700",949227.982255451
"701",573197.278037129
"702",698540.846109903
"703",573197.278037129
"704",259838.357855194
"705",447853.709964355
"706",259838.357855194
"707",573197.278037129
"708",635869.062073516
"709",385181.925927968
"710",761212.63014629
"711",886556.198219064
"712",385181.925927968
"713",573197.278037129
"714",447853.709964355
"715",259838.357855194
"716",761212.63014629
"717",259838.357855194
"718",510525.494000742
"719",259838.357855194
"720",698540.846109903
"721",635869.062073516
"722",635869.062073516
"723",635869.062073516
"724",573197.278037129
"725",447853.709964355
"726",447853.709964355
"727",447853.709964355
"728",259838.357855194
"729",1199915.118401
"730",573197.278037129
"731",510525.494000742
"732",259838.357855194
"733",698540.846109903
"734",1199915.118401
"735",886556.198219064
"736",447853.709964355
"737",635869.062073516
"738",259838.357855194
"739",635869.062073516
"740",447853.709964355
"741",259838.357855194
"742",698540.846109903
"743",698540.846109903
"744",635869.062073516
"745",447853.709964355
"746",635869.062073516
"747",573197.278037129
"748",197166.573818808
"749",761212.63014629
"750",698540.846109903
"751",447853.709964355
"752",949227.982255451
"753",823884.414182677
"754",698540.846109903
"755",635869.062073516
"756",259838.357855194
"757",510525.494000742
"758",635869.062073516
"759",635869.062073516
"760",635869.062073516
"761",823884.414182677
"762",510525.494000742
"763",385181.925927968
"764",447853.709964355
"765",259838.357855194
"766",259838.357855194
"767",385181.925927968
"768",447853.709964355
"769",259838.357855194
"770",635869.062073516
"771",259838.357855194
"772",698540.846109903
"773",823884.414182677
"774",635869.062073516
"775",259838.357855194
"776",635869.062073516
"777",385181.925927968
"778",635869.062073516
"779",385181.925927968
"780",259838.357855194
"781",761212.63014629
"782",635869.062073516
"783",573197.278037129
"784",510525.494000742
"785",573197.278037129
"786",385181.925927968
"787",635869.062073516
"788",385181.925927968
"789",259838.357855194
"790",447853.709964355
"791",635869.062073516
"792",886556.198219064
"793",573197.278037129
"794",635869.062073516
"795",761212.63014629
"796",635869.062073516
"797",447853.709964355
"798",635869.062073516
"799",259838.357855194
"800",635869.062073516
"801",447853.709964355
"802",447853.709964355
"803",510525.494000742
"804",510525.494000742
"805",635869.062073516
"806",886556.198219064
"807",823884.414182677
"808",385181.925927968
"809",447853.709964355
"810",385181.925927968
"811",698540.846109903
"812",447853.709964355
"813",635869.062073516
"814",573197.278037129
"815",447853.709964355
"816",510525.494000742
"817",447853.709964355
"818",385181.925927968
"819",635869.062073516
"820",823884.414182677
"821",573197.278037129
"822",635869.062073516
"823",698540.846109903
"824",573197.278037129
"825",886556.198219064
"826",385181.925927968
"827",447853.709964355
"828",447853.709964355
"829",761212.63014629
"830",447853.709964355
"831",635869.062073516
"832",259838.357855194
"833",385181.925927968
"834",573197.278037129
"835",447853.709964355
"836",259838.357855194
"837",447853.709964355
"838",698540.846109903
"839",447853.709964355
"840",635869.062073516
"841",510525.494000742
"842",635869.062073516
"843",635869.062073516
"844",635869.062073516
"845",635869.062073516
"846",510525.494000742
"847",698540.846109903
"848",259838.357855194
"849",823884.414182677
"850",698540.846109903
"851",259838.357855194
"852",259838.357855194
"853",259838.357855194
"854",635869.062073516
"855",761212.63014629
"856",635869.062073516
"857",510525.494000742
"858",635869.062073516
"859",259838.357855194
"860",698540.846109903
"861",259838.357855194
"862",259838.357855194
"863",447853.709964355
"864",447853.709964355
"865",635869.062073516
"866",761212.63014629
"867",447853.709964355
"868",510525.494000742
"869",259838.357855194
"870",259838.357855194
"871",259838.357855194
"872",385181.925927968
"873",447853.709964355
"874",698540.846109903
"875",510525.494000742
"876",823884.414182677
"877",259838.357855194
"878",385181.925927968
"879",635869.062073516
"880",1011899.76629184
"881",886556.198219064
"882",510525.494000742
"883",635869.062073516
"884",761212.63014629
"885",447853.709964355
"886",447853.709964355
"887",573197.278037129
"888",635869.062073516
"889",823884.414182677
"890",635869.062073516
"891",510525.494000742
"892",635869.062073516
"893",385181.925927968
"894",385181.925927968
"895",447853.709964355
"896",259838.357855194
"897",447853.709964355
"898",761212.63014629
"899",385181.925927968
"900",259838.357855194
"901",635869.062073516
"902",635869.062073516
"903",447853.709964355
"904",635869.062073516
"905",447853.709964355
"906",635869.062073516
"907",635869.062073516
"908",635869.062073516
"909",635869.062073516
"910",259838.357855194
"911",635869.062073516
"912",447853.709964355
"913",447853.709964355
"914",259838.357855194
"915",259838.357855194
"916",635869.062073516
"917",635869.062073516
"918",385181.925927968
"919",823884.414182677
"920",635869.062073516
"921",635869.062073516
"922",385181.925927968
"923",698540.846109903
"924",1074571.55032823
"925",259838.357855194
"926",385181.925927968
"927",447853.709964355
"928",573197.278037129
"929",259838.357855194
"930",259838.357855194
"931",573197.278037129
"932",510525.494000742
"933",573197.278037129
"934",447853.709964355
"935",635869.062073516
"936",510525.494000742
"937",510525.494000742
"938",259838.357855194
"939",259838.357855194
"940",573197.278037129
"941",573197.278037129
"942",573197.278037129
"943",447853.709964355
"944",447853.709964355
"945",635869.062073516
"946",447853.709964355
"947",259838.357855194
"948",510525.494000742
"949",447853.709964355
"950",510525.494000742
"951",761212.63014629
"952",635869.062073516
"953",447853.709964355
"954",447853.709964355
"955",635869.062073516
"956",259838.357855194
"957",385181.925927968
"958",259838.357855194
"959",573197.278037129
"960",886556.198219064
"961",510525.494000742
"962",761212.63014629
"963",447853.709964355
"964",385181.925927968
"965",385181.925927968
"966",635869.062073516
"967",698540.846109903
"968",573197.278037129
"969",447853.709964355
"970",698540.846109903
"971",635869.062073516
"972",447853.709964355
"973",447853.709964355
"974",823884.414182677
"975",635869.062073516
"976",635869.062073516
"977",823884.414182677
"978",510525.494000742
"979",447853.709964355
"980",447853.709964355
"981",573197.278037129
"982",635869.062073516
"983",259838.357855194
"984",259838.357855194
"985",573197.278037129
"986",447853.709964355
"987",635869.062073516
"988",447853.709964355
"989",259838.357855194
"990",510525.494000742
"991",259838.357855194
"992",886556.198219064
"993",886556.198219064
"994",259838.357855194
"995",573197.278037129
"996",635869.062073516
"997",635869.062073516
"998",635869.062073516
"999",635869.062073516
"1000",510525.494000742
"1001",949227.982255451
"1002",447853.709964355
"1003",259838.357855194
"1004",1137243.33436461
"1005",259838.357855194
"1006",573197.278037129
"1007",635869.062073516
"1008",823884.414182677
"1009",823884.414182677
"1010",698540.846109903
"1011",635869.062073516
"1012",259838.357855194
"1013",886556.198219064
"1014",635869.062073516
"1015",635869.062073516
"1016",573197.278037129
"1017",447853.709964355
"1018",259838.357855194
"1019",510525.494000742
"1020",573197.278037129
"1021",510525.494000742
"1022",635869.062073516
"1023",573197.278037129
"1024",385181.925927968
"1025",510525.494000742
"1026",197166.573818808
"1027",635869.062073516
"1028",510525.494000742
"1029",259838.357855194
"1030",259838.357855194
"1031",447853.709964355
"1032",385181.925927968
"1033",385181.925927968
"1034",635869.062073516
"1035",635869.062073516
"1036",447853.709964355
"1037",886556.198219064
"1038",385181.925927968
"1039",259838.357855194
"1040",385181.925927968
"1041",573197.278037129
"1042",635869.062073516
"1043",259838.357855194
"1044",447853.709964355
"1045",635869.062073516
"1046",635869.062073516
"1047",635869.062073516
"1048",259838.357855194
"1049",385181.925927968
"1050",447853.709964355
"1051",635869.062073516
"1052",447853.709964355
"1053",447853.709964355
"1054",635869.062073516
"1055",510525.494000742
"1056",447853.709964355
"1057",635869.062073516
"1058",447853.709964355
"1059",761212.63014629
"1060",698540.846109903
"1061",259838.357855194
"1062",823884.414182677
"1063",761212.63014629
"1064",635869.062073516
"1065",447853.709964355
"1066",259838.357855194
"1067",259838.357855194
"1068",573197.278037129
"1069",635869.062073516
"1070",635869.062073516
"1071",886556.198219064
"1072",510525.494000742
"1073",259838.357855194
"1074",510525.494000742
"1075",259838.357855194
"1076",447853.709964355
"1077",510525.494000742
"1078",761212.63014629
"1079",259838.357855194
"1080",447853.709964355
"1081",635869.062073516
"1082",447853.709964355
"1083",447853.709964355
"1084",447853.709964355
"1085",447853.709964355
"1086",385181.925927968
"1087",635869.062073516
"1088",510525.494000742
"1089",510525.494000742
"1090",761212.63014629
"1091",573197.278037129
"1092",635869.062073516
"1093",259838.357855194
"1094",635869.062073516
"1095",635869.062073516
"1096",698540.846109903
"1097",510525.494000742
"1098",385181.925927968
"1099",573197.278037129
"1100",259838.357855194
"1101",635869.062073516
"1102",259838.357855194
"1103",635869.062073516
"1104",886556.198219064
"1105",635869.062073516
"1106",635869.062073516
"1107",635869.062073516
"1108",635869.062073516
"1109",259838.357855194
"1110",510525.494000742
"1111",510525.494000742
"1112",573197.278037129
"1113",761212.63014629
"1114",761212.63014629
"1115",259838.357855194
"1116",447853.709964355
"1117",635869.062073516
"1118",385181.925927968
"1119",510525.494000742
"1120",510525.494000742
"1121",635869.062073516
"1122",635869.062073516
"1123",635869.062073516
"1124",635869.062073516
"1125",573197.278037129
"1126",447853.709964355
"1127",259838.357855194
"1128",259838.357855194
"1129",635869.062073516
"1130",510525.494000742
"1131",635869.062073516
"1132",510525.494000742
"1133",635869.062073516
"1134",510525.494000742
"1135",510525.494000742
"1136",259838.357855194
"1137",573197.278037129
"1138",635869.062073516
"1139",447853.709964355
"1140",447853.709964355
"1141",447853.709964355
"1142",635869.062073516
"1143",510525.494000742
"1144",510525.494000742
"1145",823884.414182677
"1146",573197.278037129
"1147",385181.925927968
"1148",447853.709964355
"1149",635869.062073516
"1150",635869.062073516
"1151",1262586.90243739
"1152",385181.925927968
"1153",447853.709964355
"1154",447853.709964355
"1155",259838.357855194
"1156",259838.357855194
"1157",385181.925927968
"1158",259838.357855194
"1159",635869.062073516
"1160",259838.357855194
"1161",635869.062073516
"1162",259838.357855194
"1163",698540.846109903
"1164",573197.278037129
"1165",259838.357855194
"1166",635869.062073516
"1167",447853.709964355
"1168",259838.357855194
"1169",447853.709964355
"1170",510525.494000742
"1171",698540.846109903
"1172",886556.198219064
"1173",635869.062073516
"1174",573197.278037129
"1175",447853.709964355
"1176",510525.494000742
"1177",823884.414182677
"1178",385181.925927968
"1179",259838.357855194
"1180",635869.062073516
"1181",823884.414182677
"1182",635869.062073516
"1183",573197.278037129
"1184",447853.709964355
"1185",635869.062073516
"1186",197166.573818808
"1187",259838.357855194
"1188",259838.357855194
"1189",698540.846109903
"1190",259838.357855194
"1191",573197.278037129
"1192",635869.062073516
"1193",510525.494000742
"1194",573197.278037129
"1195",635869.062073516
"1196",447853.709964355
"1197",259838.357855194
"1198",510525.494000742
"1199",385181.925927968
"1200",447853.709964355
"1201",259838.357855194
"1202",635869.062073516
"1203",259838.357855194
"1204",259838.357855194
"1205",635869.062073516
"1206",573197.278037129
"1207",698540.846109903
"1208",259838.357855194
"1209",447853.709964355
"1210",385181.925927968
"1211",635869.062073516
"1212",573197.278037129
"1213",635869.062073516
"1214",510525.494000742
"1215",886556.198219064
"1216",635869.062073516
"1217",447853.709964355
"1218",259838.357855194
"1219",447853.709964355
"1220",635869.062073516
"1221",635869.062073516
"1222",573197.278037129
"1223",635869.062073516
"1224",761212.63014629
"1225",447853.709964355
"1226",385181.925927968
"1227",385181.925927968
"1228",447853.709964355
"1229",573197.278037129
"1230",635869.062073516
"1231",510525.494000742
"1232",635869.062073516
"1233",510525.494000742
"1234",447853.709964355
"1235",259838.357855194
"1236",259838.357855194
"1237",1011899.76629184
"1238",259838.357855194
"1239",447853.709964355
"1240",510525.494000742
"1241",1137243.33436461
"1242",259838.357855194
"1243",698540.846109903
"1244",447853.709964355
"1245",385181.925927968
"1246",447853.709964355
"1247",447853.709964355
"1248",259838.357855194
"1249",447853.709964355
"1250",259838.357855194
"1251",698540.846109903
"1252",510525.494000742
"1253",447853.709964355
"1254",385181.925927968
"1255",573197.278037129
"1256",573197.278037129
"1257",259838.357855194
"1258",510525.494000742
"1259",635869.062073516
"1260",573197.278037129
"1261",635869.062073516
"1262",385181.925927968
"1263",259838.357855194
"1264",698540.846109903
"1265",761212.63014629
"1266",1450602.25454655
"1267",1199915.118401
"1268",510525.494000742
"1269",447853.709964355
"1270",635869.062073516
"1271",823884.414182677
"1272",447853.709964355
"1273",635869.062073516
"1274",635869.062073516
"1275",573197.278037129
"1276",385181.925927968
"1277",447853.709964355
"1278",447853.709964355
"1279",385181.925927968
"1280",447853.709964355
"1281",573197.278037129
"1282",635869.062073516
"1283",447853.709964355
"1284",635869.062073516
"1285",447853.709964355
"1286",385181.925927968
"1287",635869.062073516
"1288",573197.278037129
"1289",635869.062073516
"1290",510525.494000742
"1291",573197.278037129
"1292",447853.709964355
"1293",761212.63014629
"1294",510525.494000742
"1295",698540.846109903
"1296",447853.709964355
"1297",635869.062073516
"1298",259838.357855194
"1299",259838.357855194
"1300",447853.709964355
"1301",573197.278037129
"1302",573197.278037129
"1303",698540.846109903
"1304",635869.062073516
"1305",635869.062073516
"1306",635869.062073516
"1307",259838.357855194
"1308",447853.709964355
"1309",259838.357855194
"1310",447853.709964355
"1311",635869.062073516
"1312",259838.357855194
"1313",259838.357855194
"1314",635869.062073516
"1315",447853.709964355
"1316",259838.357855194
"1317",573197.278037129
"1318",698540.846109903
"1319",761212.63014629
"1320",823884.414182677
"1321",510525.494000742
"1322",635869.062073516
"1323",447853.709964355
"1324",510525.494000742
"1325",385181.925927968
"1326",698540.846109903
"1327",385181.925927968
"1328",259838.357855194
"1329",447853.709964355
"1330",635869.062073516
"1331",949227.982255451
"1332",447853.709964355
"1333",573197.278037129
"1334",447853.709964355
"1335",573197.278037129
"1336",573197.278037129
"1337",635869.062073516
"1338",259838.357855194
"1339",573197.278037129
"1340",635869.062073516
"1341",259838.357855194
"1342",886556.198219064
"1343",259838.357855194
"1344",447853.709964355
"1345",573197.278037129
"1346",259838.357855194
"1347",635869.062073516
"1348",447853.709964355
"1349",447853.709964355
"1350",635869.062073516
"1351",447853.709964355
"1352",761212.63014629
"1353",761212.63014629
"1354",385181.925927968
"1355",259838.357855194
"1356",635869.062073516
"1357",573197.278037129
"1358",1074571.55032823
"1359",447853.709964355
"1360",886556.198219064
"1361",447853.709964355
"1362",447853.709964355
"1363",635869.062073516
"1364",573197.278037129
"1365",635869.062073516
"1366",9151.22170964665
"1367",635869.062073516
"1368",385181.925927968
"1369",761212.63014629
"1370",447853.709964355
"1371",698540.846109903
"1372",259838.357855194
"1373",635869.062073516
"1374",635869.062073516
"1375",259838.357855194
"1376",259838.357855194
"1377",385181.925927968
"1378",259838.357855194
"1379",447853.709964355
"1380",510525.494000742
"1381",635869.062073516
"1382",698540.846109903
"1383",510525.494000742
"1384",635869.062073516
"1385",447853.709964355
"1386",385181.925927968
"1387",259838.357855194
"1388",510525.494000742
"1389",447853.709964355
"1390",385181.925927968
"1391",573197.278037129
"1392",259838.357855194
"1393",259838.357855194
"1394",635869.062073516
"1395",635869.062073516
"1396",573197.278037129
"1397",573197.278037129
"1398",635869.062073516
"1399",635869.062073516
"1400",635869.062073516
"1401",447853.709964355
"1402",259838.357855194
"1403",1137243.33436461
"1404",259838.357855194
"1405",635869.062073516
"1406",698540.846109903
"1407",385181.925927968
"1408",573197.278037129
"1409",447853.709964355
"1410",635869.062073516
"1411",573197.278037129
"1412",510525.494000742
"1413",698540.846109903
"1414",259838.357855194
"1415",635869.062073516
"1416",635869.062073516
"1417",573197.278037129
"1418",259838.357855194
"1419",259838.357855194
"1420",635869.062073516
"1421",573197.278037129
"1422",385181.925927968
"1423",259838.357855194
"1424",573197.278037129
"1425",635869.062073516
"1426",447853.709964355
"1427",886556.198219064
"1428",949227.982255451
"1429",510525.494000742
"1430",510525.494000742
"1431",698540.846109903
"1432",447853.709964355
"1433",259838.357855194
"1434",385181.925927968
"1435",447853.709964355
"1436",447853.709964355
"1437",635869.062073516
"1438",698540.846109903
"1439",447853.709964355
"1440",447853.709964355
"1441",259838.357855194
"1442",259838.357855194
"1443",259838.357855194
"1444",259838.357855194
"1445",635869.062073516
"1446",510525.494000742
"1447",635869.062073516
"1448",698540.846109903
"1449",385181.925927968
"1450",635869.062073516
"1451",385181.925927968
"1452",259838.357855194
"1453",698540.846109903
"1454",510525.494000742
"1455",385181.925927968
"1456",385181.925927968
"1457",385181.925927968
"1458",510525.494000742
"1459",635869.062073516
"1460",259838.357855194
"1461",761212.63014629
"1462",259838.357855194
"1463",447853.709964355
"1464",573197.278037129
"1465",259838.357855194
"1466",635869.062073516
"1467",635869.062073516
"1468",385181.925927968
"1469",447853.709964355
"1470",573197.278037129
"1471",259838.357855194
"1472",635869.062073516
"1473",447853.709964355
"1474",259838.357855194
"1475",259838.357855194
"1476",510525.494000742
"1477",573197.278037129
"1478",635869.062073516
"1479",573197.278037129
"1480",510525.494000742
"1481",510525.494000742
"1482",635869.062073516
"1483",447853.709964355
"1484",886556.198219064
"1485",635869.062073516
"1486",259838.357855194
"1487",635869.062073516
"1488",886556.198219064
"1489",635869.062073516
"1490",761212.63014629
"1491",385181.925927968
"1492",635869.062073516
"1493",447853.709964355
"1494",259838.357855194
"1495",573197.278037129
"1496",385181.925927968
"1497",635869.062073516
"1498",510525.494000742
"1499",635869.062073516
"1500",698540.846109903
"1501",385181.925927968
"1502",510525.494000742
"1503",1074571.55032823
"1504",447853.709964355
"1505",385181.925927968
"1506",447853.709964355
"1507",823884.414182677
"1508",510525.494000742
"1509",635869.062073516
"1510",385181.925927968
"1511",447853.709964355
"1512",259838.357855194
"1513",259838.357855194
"1514",259838.357855194
"1515",886556.198219064
"1516",510525.494000742
"1517",635869.062073516
"1518",635869.062073516
"1519",698540.846109903
"1520",635869.062073516
"1521",886556.198219064
"1522",573197.278037129
"1523",259838.357855194
"1524",761212.63014629
"1525",635869.062073516
"1526",259838.357855194
"1527",259838.357855194
"1528",635869.062073516
"1529",259838.357855194
"1530",259838.357855194
"1531",510525.494000742
"1532",510525.494000742
"1533",886556.198219064
"1534",510525.494000742
"1535",635869.062073516
"1536",698540.846109903
"1537",635869.062073516
"1538",510525.494000742
"1539",447853.709964355
"1540",447853.709964355
"1541",886556.198219064
"1542",510525.494000742
"1543",447853.709964355
"1544",259838.357855194
"1545",259838.357855194
"1546",823884.414182677
"1547",447853.709964355
"1548",259838.357855194
"1549",635869.062073516
"1550",259838.357855194
"1551",635869.062073516
"1552",259838.357855194
"1553",259838.357855194
"1554",259838.357855194
"1555",259838.357855194
"1556",1137243.33436461
"1557",573197.278037129
"1558",761212.63014629
"1559",635869.062073516
"1560",510525.494000742
"1561",447853.709964355
"1562",259838.357855194
"1563",698540.846109903
"1564",635869.062073516
"1565",635869.062073516
"1566",1137243.33436461
"1567",385181.925927968
"1568",385181.925927968
"1569",761212.63014629
"1570",635869.062073516
"1571",761212.63014629
"1572",259838.357855194
"1573",635869.062073516
"1574",385181.925927968
"1575",823884.414182677
"1576",635869.062073516
"1577",635869.062073516
"1578",823884.414182677
"1579",385181.925927968
"1580",510525.494000742
"1581",635869.062073516
"1582",510525.494000742
"1583",447853.709964355
"1584",510525.494000742
"1585",698540.846109903
"1586",510525.494000742
"1587",635869.062073516
"1588",949227.982255451
"1589",510525.494000742
"1590",447853.709964355
"1591",259838.357855194
"1592",385181.925927968
"1593",635869.062073516
"1594",259838.357855194
"1595",385181.925927968
"1596",635869.062073516
"1597",259838.357855194
"1598",1074571.55032823
"1599",447853.709964355
"1600",510525.494000742
"1601",259838.357855194
"1602",259838.357855194
"1603",259838.357855194
"1604",385181.925927968
"1605",447853.709964355
"1606",385181.925927968
"1607",573197.278037129
"1608",259838.357855194
"1609",385181.925927968
"1610",259838.357855194
"1611",635869.062073516
"1612",259838.357855194
"1613",259838.357855194
"1614",635869.062073516
"1615",447853.709964355
"1616",447853.709964355
"1617",447853.709964355
"1618",573197.278037129
"1619",259838.357855194
"1620",447853.709964355
"1621",259838.357855194
"1622",635869.062073516
"1623",259838.357855194
"1624",635869.062073516
"1625",635869.062073516
"1626",259838.357855194
"1627",635869.062073516
"1628",447853.709964355
"1629",573197.278037129
"1630",635869.062073516
"1631",886556.198219064
"1632",259838.357855194
"1633",635869.062073516
"1634",886556.198219064
"1635",259838.357855194
"1636",259838.357855194
"1637",385181.925927968
"1638",259838.357855194
"1639",635869.062073516
"1640",385181.925927968
"1641",635869.062073516
"1642",635869.062073516
"1643",447853.709964355
"1644",635869.062073516
"1645",259838.357855194
"1646",573197.278037129
"1647",259838.357855194
"1648",761212.63014629
"1649",698540.846109903
"1650",259838.357855194
"1651",259838.357855194
"1652",510525.494000742
"1653",573197.278037129
"1654",635869.062073516
"1655",635869.062073516
"1656",635869.062073516
"1657",447853.709964355
"1658",635869.062073516
"1659",635869.062073516
"1660",447853.709964355
"1661",635869.062073516
"1662",447853.709964355
"1663",259838.357855194
"1664",635869.062073516
"1665",635869.062073516
"1666",447853.709964355
"1667",510525.494000742
"1668",635869.062073516
"1669",447853.709964355
"1670",573197.278037129
"1671",447853.709964355
"1672",259838.357855194
"1673",635869.062073516
"1674",447853.709964355
"1675",385181.925927968
"1676",197166.573818808
"1677",259838.357855194
"1678",1011899.76629184
"1679",447853.709964355
"1680",510525.494000742
"1681",385181.925927968
"1682",259838.357855194
"1683",447853.709964355
"1684",447853.709964355
"1685",635869.062073516
"1686",635869.062073516
"1687",259838.357855194
"1688",698540.846109903
"1689",447853.709964355
"1690",259838.357855194
"1691",447853.709964355
"1692",259838.357855194
"1693",447853.709964355
"1694",447853.709964355
"1695",385181.925927968
"1696",385181.925927968
"1697",635869.062073516
"1698",698540.846109903
"1699",447853.709964355
"1700",510525.494000742
"1701",635869.062073516
"1702",259838.357855194
"1703",259838.357855194
"1704",635869.062073516
"1705",635869.062073516
"1706",573197.278037129
"1707",635869.062073516
"1708",761212.63014629
"1709",447853.709964355
"1710",447853.709964355
"1711",761212.63014629
"1712",385181.925927968
"1713",447853.709964355
"1714",573197.278037129
"1715",635869.062073516
"1716",385181.925927968
"1717",635869.062073516
"1718",635869.062073516
"1719",385181.925927968
"1720",259838.357855194
"1721",510525.494000742
"1722",761212.63014629
"1723",635869.062073516
"1724",385181.925927968
"1725",635869.062073516
"1726",510525.494000742
"1727",573197.278037129
"1728",698540.846109903
"1729",510525.494000742
"1730",510525.494000742
"1731",635869.062073516
"1732",573197.278037129
"1733",259838.357855194
"1734",259838.357855194
"1735",761212.63014629
"1736",635869.062073516
"1737",635869.062073516
"1738",635869.062073516
"1739",635869.062073516
"1740",385181.925927968
"1741",573197.278037129
"1742",447853.709964355
"1743",259838.357855194
"1744",259838.357855194
"1745",259838.357855194
"1746",447853.709964355
"1747",635869.062073516
"1748",447853.709964355
"1749",259838.357855194
"1750",385181.925927968
"1751",635869.062073516
"1752",635869.062073516
"1753",259838.357855194
"1754",635869.062073516
"1755",510525.494000742
"1756",761212.63014629
"1757",635869.062073516
"1758",447853.709964355
"1759",573197.278037129
"1760",573197.278037129
"1761",635869.062073516
"1762",510525.494000742
"1763",259838.357855194
"1764",635869.062073516
"1765",635869.062073516
"1766",635869.062073516
"1767",447853.709964355
"1768",447853.709964355
"1769",447853.709964355
"1770",259838.357855194
"1771",259838.357855194
"1772",698540.846109903
"1773",447853.709964355
"1774",698540.846109903
"1775",573197.278037129
"1776",510525.494000742
"1777",510525.494000742
"1778",823884.414182677
"1779",510525.494000742
"1780",761212.63014629
"1781",698540.846109903
"1782",635869.062073516
"1783",635869.062073516
"1784",385181.925927968
"1785",635869.062073516
"1786",698540.846109903
"1787",385181.925927968
"1788",823884.414182677
"1789",573197.278037129
"1790",447853.709964355
"1791",635869.062073516
"1792",635869.062073516
"1793",573197.278037129
"1794",447853.709964355
"1795",635869.062073516
"1796",761212.63014629
"1797",259838.357855194
"1798",259838.357855194
"1799",573197.278037129
"1800",635869.062073516
"1801",447853.709964355
"1802",259838.357855194
"1803",447853.709964355
"1804",447853.709964355
"1805",573197.278037129
"1806",573197.278037129
"1807",635869.062073516
"1808",635869.062073516
"1809",197166.573818808
"1810",259838.357855194
"1811",447853.709964355
"1812",447853.709964355
"1813",447853.709964355
"1814",1074571.55032823
"1815",1951976.52683764
"1816",259838.357855194
"1817",447853.709964355
"1818",698540.846109903
"1819",259838.357855194
"1820",635869.062073516
"1821",385181.925927968
"1822",447853.709964355
"1823",635869.062073516
"1824",447853.709964355
"1825",635869.062073516
"1826",573197.278037129
"1827",385181.925927968
"1828",259838.357855194
"1829",447853.709964355
"1830",573197.278037129
"1831",635869.062073516
"1832",447853.709964355
"1833",385181.925927968
"1834",447853.709964355
"1835",447853.709964355
"1836",635869.062073516
"1837",259838.357855194
"1838",573197.278037129
"1839",259838.357855194
"1840",259838.357855194
"1841",385181.925927968
"1842",447853.709964355
"1843",385181.925927968
"1844",259838.357855194
"1845",635869.062073516
"1846",385181.925927968
"1847",447853.709964355
"1848",259838.357855194
"1849",259838.357855194
"1850",259838.357855194
"1851",635869.062073516
"1852",385181.925927968
"1853",510525.494000742
"1854",886556.198219064
"1855",510525.494000742
"1856",259838.357855194
"1857",385181.925927968
"1858",635869.062073516
"1859",259838.357855194
"1860",510525.494000742
"1861",1011899.76629184
"1862",573197.278037129
"1863",259838.357855194
"1864",635869.062073516
"1865",447853.709964355
"1866",635869.062073516
"1867",447853.709964355
"1868",573197.278037129
"1869",385181.925927968
"1870",385181.925927968
"1871",573197.278037129
"1872",259838.357855194
"1873",886556.198219064
"1874",197166.573818808
"1875",447853.709964355
"1876",385181.925927968
"1877",259838.357855194
"1878",385181.925927968
"1879",447853.709964355
"1880",573197.278037129
"1881",886556.198219064
"1882",447853.709964355
"1883",698540.846109903
"1884",447853.709964355
"1885",510525.494000742
"1886",259838.357855194
"1887",259838.357855194
"1888",761212.63014629
"1889",259838.357855194
"1890",259838.357855194
"1891",259838.357855194
"1892",949227.982255451
"1893",259838.357855194
"1894",573197.278037129
"1895",635869.062073516
"1896",259838.357855194
"1897",635869.062073516
"1898",635869.062073516
"1899",259838.357855194
"1900",447853.709964355
"1901",573197.278037129
"1902",698540.846109903
"1903",385181.925927968
"1904",635869.062073516
"1905",635869.062073516
"1906",635869.062073516
"1907",635869.062073516
"1908",259838.357855194
"1909",447853.709964355
"1910",698540.846109903
"1911",1011899.76629184
"1912",447853.709964355
"1913",886556.198219064
"1914",698540.846109903
"1915",573197.278037129
"1916",385181.925927968
"1917",510525.494000742
"1918",447853.709964355
"1919",635869.062073516
"1920",761212.63014629
"1921",573197.278037129
"1922",761212.63014629
"1923",259838.357855194
"1924",447853.709964355
"1925",1137243.33436461
"1926",447853.709964355
"1927",447853.709964355
"1928",635869.062073516
"1929",447853.709964355
"1930",635869.062073516
"1931",635869.062073516
"1932",573197.278037129
"1933",259838.357855194
"1934",761212.63014629
"1935",761212.63014629
"1936",635869.062073516
"1937",447853.709964355
"1938",447853.709964355
"1939",447853.709964355
"1940",259838.357855194
"1941",385181.925927968
"1942",447853.709964355
"1943",573197.278037129
"1944",635869.062073516
"1945",447853.709964355
"1946",698540.846109903
"1947",259838.357855194
"1948",886556.198219064
"1949",635869.062073516
"1950",635869.062073516
"1951",259838.357855194
"1952",823884.414182677
"1953",698540.846109903
"1954",949227.982255451
"1955",761212.63014629
"1956",761212.63014629
"1957",635869.062073516
"1958",385181.925927968
"1959",1262586.90243739
"1960",635869.062073516
"1961",385181.925927968
"1962",698540.846109903
"1963",573197.278037129
"1964",385181.925927968
"1965",259838.357855194
"1966",698540.846109903
"1967",510525.494000742
"1968",635869.062073516
"1969",385181.925927968
"1970",573197.278037129
"1971",635869.062073516
"1972",761212.63014629
"1973",385181.925927968
"1974",698540.846109903
"1975",510525.494000742
"1976",447853.709964355
"1977",259838.357855194
"1978",447853.709964355
"1979",761212.63014629
"1980",698540.846109903
"1981",447853.709964355
"1982",447853.709964355
"1983",259838.357855194
"1984",447853.709964355
"1985",635869.062073516
"1986",635869.062073516
"1987",447853.709964355
"1988",447853.709964355
"1989",573197.278037129
"1990",635869.062073516
"1991",573197.278037129
"1992",385181.925927968
"1993",949227.982255451
"1994",573197.278037129
"1995",886556.198219064
"1996",635869.062073516
"1997",510525.494000742
"1998",635869.062073516
"1999",573197.278037129
"2000",259838.357855194
"2001",385181.925927968
"2002",635869.062073516
"2003",886556.198219064
"2004",573197.278037129
"2005",573197.278037129
"2006",259838.357855194
"2007",259838.357855194
"2008",447853.709964355
"2009",510525.494000742
"2010",635869.062073516
"2011",635869.062073516
"2012",635869.062073516
"2013",447853.709964355
"2014",259838.357855194
"2015",259838.357855194
"2016",635869.062073516
"2017",259838.357855194
"2018",949227.982255451
"2019",635869.062073516
"2020",635869.062073516
"2021",385181.925927968
"2022",259838.357855194
"2023",573197.278037129
"2024",573197.278037129
"2025",635869.062073516
"2026",259838.357855194
"2027",259838.357855194
"2028",385181.925927968
"2029",259838.357855194
"2030",447853.709964355
"2031",635869.062073516
"2032",635869.062073516
"2033",635869.062073516
"2034",698540.846109903
"2035",259838.357855194
"2036",259838.357855194
"2037",259838.357855194
"2038",698540.846109903
"2039",447853.709964355
"2040",259838.357855194
"2041",510525.494000742
"2042",447853.709964355
"2043",635869.062073516
"2044",635869.062073516
"2045",510525.494000742
"2046",635869.062073516
"2047",823884.414182677
"2048",510525.494000742
"2049",259838.357855194
"2050",259838.357855194
"2051",447853.709964355
"2052",635869.062073516
"2053",259838.357855194
"2054",573197.278037129
"2055",635869.062073516
"2056",635869.062073516
"2057",635869.062073516
"2058",1011899.76629184
"2059",510525.494000742
"2060",698540.846109903
"2061",573197.278037129
"2062",761212.63014629
"2063",573197.278037129
"2064",635869.062073516
"2065",447853.709964355
"2066",635869.062073516
"2067",447853.709964355
"2068",886556.198219064
"2069",635869.062073516
"2070",573197.278037129
"2071",761212.63014629
"2072",635869.062073516
"2073",447853.709964355
"2074",573197.278037129
"2075",259838.357855194
"2076",573197.278037129
"2077",385181.925927968
"2078",259838.357855194
"2079",635869.062073516
"2080",635869.062073516
"2081",635869.062073516
"2082",1137243.33436461
"2083",447853.709964355
"2084",635869.062073516
"2085",573197.278037129
"2086",886556.198219064
"2087",447853.709964355
"2088",635869.062073516
"2089",259838.357855194
"2090",259838.357855194
"2091",385181.925927968
"2092",447853.709964355
"2093",447853.709964355
"2094",635869.062073516
"2095",635869.062073516
"2096",385181.925927968
"2097",635869.062073516
"2098",635869.062073516
"2099",635869.062073516
"2100",635869.062073516
"2101",698540.846109903
"2102",447853.709964355
"2103",385181.925927968
"2104",197166.573818808
"2105",259838.357855194
"2106",259838.357855194
"2107",447853.709964355
"2108",385181.925927968
"2109",573197.278037129
"2110",385181.925927968
"2111",447853.709964355
"2112",635869.062073516
"2113",635869.062073516
"2114",573197.278037129
"2115",635869.062073516
"2116",1074571.55032823
"2117",259838.357855194
"2118",698540.846109903
"2119",635869.062073516
"2120",635869.062073516
"2121",635869.062073516
"2122",761212.63014629
"2123",635869.062073516
"2124",635869.062073516
"2125",635869.062073516
"2126",635869.062073516
"2127",635869.062073516
"2128",385181.925927968
"2129",385181.925927968
"2130",510525.494000742
"2131",447853.709964355
"2132",447853.709964355
"2133",259838.357855194
"2134",385181.925927968
"2135",573197.278037129
"2136",447853.709964355
"2137",635869.062073516
"2138",635869.062073516
"2139",635869.062073516
"2140",259838.357855194
"2141",1137243.33436461
"2142",447853.709964355
"2143",385181.925927968
"2144",635869.062073516
"2145",635869.062073516
"2146",447853.709964355
"2147",573197.278037129
"2148",823884.414182677
"2149",259838.357855194
"2150",635869.062073516
"2151",447853.709964355
"2152",823884.414182677
"2153",447853.709964355
"2154",573197.278037129
"2155",635869.062073516
"2156",573197.278037129
"2157",573197.278037129
"2158",259838.357855194
"2159",259838.357855194
"2160",447853.709964355
"2161",447853.709964355
"2162",635869.062073516
"2163",886556.198219064
"2164",510525.494000742
"2165",510525.494000742
"2166",635869.062073516
"2167",259838.357855194
"2168",385181.925927968
"2169",635869.062073516
"2170",573197.278037129
"2171",447853.709964355
"2172",698540.846109903
"2173",447853.709964355
"2174",385181.925927968
"2175",635869.062073516
"2176",635869.062073516
"2177",573197.278037129
"2178",259838.357855194
"2179",510525.494000742
"2180",447853.709964355
"2181",447853.709964355
"2182",573197.278037129
"2183",635869.062073516
"2184",447853.709964355
"2185",573197.278037129
"2186",510525.494000742
"2187",573197.278037129
"2188",259838.357855194
"2189",573197.278037129
"2190",635869.062073516
"2191",510525.494000742
"2192",259838.357855194
"2193",949227.982255451
"2194",259838.357855194
"2195",447853.709964355
"2196",259838.357855194
"2197",886556.198219064
"2198",573197.278037129
"2199",635869.062073516
"2200",635869.062073516
"2201",635869.062073516
"2202",635869.062073516
"2203",259838.357855194
"2204",635869.062073516
"2205",573197.278037129
"2206",385181.925927968
"2207",635869.062073516
"2208",385181.925927968
"2209",573197.278037129
"2210",635869.062073516
"2211",1137243.33436461
"2212",447853.709964355
"2213",573197.278037129
"2214",447853.709964355
"2215",259838.357855194
"2216",259838.357855194
"2217",573197.278037129
"2218",385181.925927968
"2219",385181.925927968
"2220",447853.709964355
"2221",447853.709964355
"2222",886556.198219064
"2223",635869.062073516
"2224",635869.062073516
"2225",635869.062073516
"2226",510525.494000742
"2227",635869.062073516
"2228",447853.709964355
"2229",259838.357855194
"2230",573197.278037129
"2231",385181.925927968
"2232",635869.062073516
"2233",886556.198219064
"2234",1074571.55032823
"2235",761212.63014629
"2236",698540.846109903
"2237",635869.062073516
"2238",573197.278037129
"2239",635869.062073516
"2240",385181.925927968
"2241",447853.709964355
"2242",698540.846109903
"2243",635869.062073516
"2244",635869.062073516
"2245",259838.357855194
"2246",573197.278037129
"2247",886556.198219064
"2248",635869.062073516
"2249",510525.494000742
"2250",510525.494000742
"2251",447853.709964355
"2252",573197.278037129
"2253",886556.198219064
"2254",510525.494000742
"2255",259838.357855194
"2256",823884.414182677
"2257",635869.062073516
"2258",385181.925927968
"2259",635869.062073516
"2260",635869.062073516
"2261",635869.062073516
"2262",823884.414182677
"2263",259838.357855194
"2264",698540.846109903
"2265",447853.709964355
"2266",259838.357855194
"2267",510525.494000742
"2268",259838.357855194
"2269",385181.925927968
"2270",385181.925927968
"2271",635869.062073516
"2272",197166.573818808
"2273",635869.062073516
"2274",510525.494000742
"2275",698540.846109903
"2276",698540.846109903
"2277",447853.709964355
"2278",635869.062073516
"2279",134494.789782421
"2280",385181.925927968
"2281",259838.357855194
"2282",510525.494000742
"2283",761212.63014629
"2284",259838.357855194
"2285",635869.062073516
"2286",385181.925927968
"2287",385181.925927968
"2288",447853.709964355
"2289",635869.062073516
"2290",635869.062073516
"2291",259838.357855194
"2292",259838.357855194
"2293",510525.494000742
"2294",886556.198219064
"2295",761212.63014629
"2296",635869.062073516
"2297",385181.925927968
"2298",385181.925927968
"2299",259838.357855194
"2300",259838.357855194
"2301",823884.414182677
"2302",635869.062073516
"2303",635869.062073516
"2304",259838.357855194
"2305",635869.062073516
"2306",259838.357855194
"2307",510525.494000742
"2308",761212.63014629
"2309",259838.357855194
"2310",447853.709964355
"2311",510525.494000742
"2312",886556.198219064
"2313",635869.062073516
"2314",635869.062073516
"2315",259838.357855194
"2316",259838.357855194
"2317",385181.925927968
"2318",635869.062073516
"2319",447853.709964355
"2320",510525.494000742
"2321",259838.357855194
"2322",447853.709964355
"2323",635869.062073516
"2324",635869.062073516
"2325",635869.062073516
"2326",886556.198219064
"2327",635869.062073516
"2328",698540.846109903
"2329",1011899.76629184
"2330",259838.357855194
"2331",510525.494000742
"2332",635869.062073516
"2333",447853.709964355
"2334",510525.494000742
"2335",761212.63014629
"2336",447853.709964355
"2337",698540.846109903
"2338",573197.278037129
"2339",635869.062073516
"2340",635869.062073516
"2341",447853.709964355
"2342",573197.278037129
"2343",447853.709964355
"2344",510525.494000742
"2345",385181.925927968
"2346",635869.062073516
"2347",698540.846109903
"2348",447853.709964355
"2349",259838.357855194
"2350",635869.062073516
"2351",447853.709964355
"2352",698540.846109903
"2353",510525.494000742
"2354",510525.494000742
"2355",635869.062073516
"2356",698540.846109903
"2357",447853.709964355
"2358",698540.846109903
"2359",447853.709964355
"2360",635869.062073516
"2361",635869.062073516
"2362",698540.846109903
"2363",447853.709964355
"2364",259838.357855194
"2365",635869.062073516
"2366",385181.925927968
"2367",385181.925927968
"2368",635869.062073516
"2369",259838.357855194
"2370",510525.494000742
"2371",635869.062073516
"2372",698540.846109903
"2373",635869.062073516
"2374",573197.278037129
"2375",635869.062073516
"2376",823884.414182677
"2377",698540.846109903
"2378",949227.982255451
"2379",635869.062073516
"2380",573197.278037129
"2381",1011899.76629184
"2382",447853.709964355
"2383",510525.494000742
"2384",385181.925927968
"2385",823884.414182677
"2386",635869.062073516
"2387",635869.062073516
"2388",259838.357855194
"2389",635869.062073516
"2390",573197.278037129
"2391",447853.709964355
"2392",259838.357855194
"2393",447853.709964355
"2394",447853.709964355
"2395",385181.925927968
"2396",510525.494000742
"2397",447853.709964355
"2398",1137243.33436461
"2399",698540.846109903
"2400",635869.062073516
"2401",259838.357855194
"2402",447853.709964355
"2403",385181.925927968
"2404",761212.63014629
"2405",385181.925927968
"2406",949227.982255451
"2407",635869.062073516
"2408",635869.062073516
"2409",447853.709964355
"2410",510525.494000742
"2411",761212.63014629
"2412",886556.198219064
"2413",385181.925927968
"2414",635869.062073516
"2415",447853.709964355
"2416",635869.062073516
"2417",510525.494000742
"2418",1011899.76629184
"2419",635869.062073516
"2420",698540.846109903
"2421",886556.198219064
"2422",385181.925927968
"2423",447853.709964355
"2424",259838.357855194
"2425",259838.357855194
"2426",385181.925927968
"2427",573197.278037129
"2428",447853.709964355
"2429",1011899.76629184
"2430",573197.278037129
"2431",259838.357855194
"2432",259838.357855194
"2433",447853.709964355
"2434",635869.062073516
"2435",698540.846109903
"2436",635869.062073516
"2437",886556.198219064
"2438",1011899.76629184
"2439",698540.846109903
"2440",761212.63014629
"2441",698540.846109903
"2442",447853.709964355
"2443",259838.357855194
"2444",385181.925927968
"2445",447853.709964355
"2446",635869.062073516
"2447",573197.278037129
"2448",447853.709964355
"2449",635869.062073516
"2450",447853.709964355
"2451",635869.062073516
"2452",635869.062073516
"2453",635869.062073516
"2454",447853.709964355
"2455",447853.709964355
"2456",385181.925927968
"2457",447853.709964355
"2458",635869.062073516
"2459",510525.494000742
"2460",635869.062073516
"2461",1011899.76629184
"2462",510525.494000742
"2463",510525.494000742
"2464",447853.709964355
"2465",259838.357855194
"2466",635869.062073516
"2467",447853.709964355
"2468",698540.846109903
"2469",949227.982255451
"2470",635869.062073516
"2471",259838.357855194
"2472",698540.846109903
"2473",385181.925927968
"2474",823884.414182677
"2475",259838.357855194
"2476",447853.709964355
"2477",259838.357855194
"2478",1011899.76629184
"2479",510525.494000742
"2480",259838.357855194
"2481",385181.925927968
"2482",259838.357855194
"2483",259838.357855194
"2484",635869.062073516
"2485",259838.357855194
"2486",259838.357855194
"2487",259838.357855194
"2488",447853.709964355
"2489",259838.357855194
"2490",447853.709964355
"2491",635869.062073516
"2492",635869.062073516
"2493",259838.357855194
"2494",447853.709964355
"2495",447853.709964355
"2496",510525.494000742
"2497",510525.494000742
"2498",761212.63014629
"2499",259838.357855194
"2500",635869.062073516
"2501",635869.062073516
"2502",823884.414182677
"2503",573197.278037129
"2504",635869.062073516
"2505",510525.494000742
"2506",761212.63014629
"2507",635869.062073516
"2508",1074571.55032823
"2509",761212.63014629
"2510",447853.709964355
"2511",259838.357855194
"2512",510525.494000742
"2513",635869.062073516
"2514",259838.357855194
"2515",635869.062073516
"2516",635869.062073516
"2517",447853.709964355
"2518",510525.494000742
"2519",447853.709964355
"2520",573197.278037129
"2521",635869.062073516
"2522",259838.357855194
"2523",259838.357855194
"2524",761212.63014629
"2525",385181.925927968
"2526",573197.278037129
"2527",635869.062073516
"2528",447853.709964355
"2529",259838.357855194
"2530",385181.925927968
"2531",823884.414182677
"2532",573197.278037129
"2533",447853.709964355
"2534",635869.062073516
"2535",259838.357855194
"2536",447853.709964355
"2537",573197.278037129
"2538",698540.846109903
"2539",447853.709964355
"2540",510525.494000742
"2541",886556.198219064
"2542",1074571.55032823
"2543",886556.198219064
"2544",447853.709964355
"2545",635869.062073516
"2546",1262586.90243739
"2547",259838.357855194
"2548",573197.278037129
"2549",447853.709964355
"2550",635869.062073516
"2551",259838.357855194
"2552",259838.357855194
"2553",635869.062073516
"2554",635869.062073516
"2555",573197.278037129
"2556",510525.494000742
"2557",259838.357855194
"2558",510525.494000742
"2559",447853.709964355
"2560",259838.357855194
"2561",698540.846109903
"2562",573197.278037129
"2563",259838.357855194
"2564",573197.278037129
"2565",510525.494000742
"2566",385181.925927968
"2567",698540.846109903
"2568",698540.846109903
"2569",698540.846109903
"2570",259838.357855194
"2571",573197.278037129
"2572",573197.278037129
"2573",635869.062073516
"2574",259838.357855194
"2575",761212.63014629
"2576",635869.062073516
"2577",635869.062073516
"2578",259838.357855194
"2579",761212.63014629
"2580",823884.414182677
"2581",635869.062073516
"2582",447853.709964355
"2583",573197.278037129
"2584",573197.278037129
"2585",635869.062073516
"2586",573197.278037129
"2587",635869.062073516
"2588",635869.062073516
"2589",259838.357855194
"2590",447853.709964355
"2591",635869.062073516
"2592",259838.357855194
"2593",259838.357855194
"2594",635869.062073516
"2595",698540.846109903
"2596",635869.062073516
"2597",259838.357855194
"2598",259838.357855194
"2599",698540.846109903
"2600",635869.062073516
"2601",259838.357855194
"2602",259838.357855194
"2603",698540.846109903
"2604",259838.357855194
"2605",259838.357855194
"2606",573197.278037129
"2607",635869.062073516
"2608",385181.925927968
"2609",698540.846109903
"2610",698540.846109903
"2611",573197.278037129
"2612",259838.357855194
"2613",385181.925927968
"2614",510525.494000742
"2615",635869.062073516
"2616",510525.494000742
"2617",635869.062073516
"2618",698540.846109903
"2619",447853.709964355
"2620",510525.494000742
"2621",510525.494000742
"2622",447853.709964355
"2623",635869.062073516
"2624",447853.709964355
"2625",510525.494000742
"2626",447853.709964355
"2627",447853.709964355
"2628",635869.062073516
"2629",698540.846109903
"2630",635869.062073516
"2631",259838.357855194
"2632",259838.357855194
"2633",259838.357855194
"2634",635869.062073516
"2635",573197.278037129
"2636",385181.925927968
"2637",635869.062073516
"2638",447853.709964355
"2639",447853.709964355
"2640",447853.709964355
"2641",886556.198219064
"2642",385181.925927968
"2643",635869.062073516
"2644",698540.846109903
"2645",259838.357855194
"2646",385181.925927968
"2647",259838.357855194
"2648",259838.357855194
"2649",761212.63014629
"2650",573197.278037129
"2651",447853.709964355
"2652",886556.198219064
"2653",259838.357855194
"2654",823884.414182677
"2655",698540.846109903
"2656",635869.062073516
"2657",635869.062073516
"2658",635869.062073516
"2659",259838.357855194
"2660",573197.278037129
"2661",635869.062073516
"2662",385181.925927968
"2663",635869.062073516
"2664",635869.062073516
"2665",698540.846109903
"2666",259838.357855194
"2667",635869.062073516
"2668",635869.062073516
"2669",447853.709964355
"2670",259838.357855194
"2671",447853.709964355
"2672",510525.494000742
"2673",886556.198219064
"2674",447853.709964355
"2675",635869.062073516
"2676",447853.709964355
"2677",823884.414182677
"2678",635869.062073516
"2679",447853.709964355
"2680",259838.357855194
"2681",259838.357855194
"2682",259838.357855194
"2683",259838.357855194
"2684",259838.357855194
"2685",823884.414182677
"2686",635869.062073516
"2687",761212.63014629
"2688",573197.278037129
"2689",573197.278037129
"2690",698540.846109903
"2691",573197.278037129
"2692",259838.357855194
"2693",635869.062073516
"2694",635869.062073516
"2695",385181.925927968
"2696",761212.63014629
"2697",698540.846109903
"2698",510525.494000742
"2699",635869.062073516
"2700",635869.062073516
"2701",698540.846109903
"2702",447853.709964355
"2703",635869.062073516
"2704",635869.062073516
"2705",447853.709964355
"2706",635869.062073516
"2707",447853.709964355
"2708",823884.414182677
"2709",259838.357855194
"2710",573197.278037129
"2711",447853.709964355
"2712",573197.278037129
"2713",761212.63014629
"2714",447853.709964355
"2715",635869.062073516
"2716",635869.062073516
"2717",886556.198219064
"2718",635869.062073516
"2719",259838.357855194
"2720",447853.709964355
"2721",447853.709964355
"2722",385181.925927968
"2723",949227.982255451
"2724",635869.062073516
"2725",573197.278037129
"2726",447853.709964355
"2727",259838.357855194
"2728",635869.062073516
"2729",385181.925927968
"2730",447853.709964355
"2731",510525.494000742
"2732",259838.357855194
"2733",635869.062073516
"2734",259838.357855194
"2735",259838.357855194
"2736",635869.062073516
"2737",259838.357855194
"2738",510525.494000742
"2739",635869.062073516
"2740",259838.357855194
"2741",510525.494000742
"2742",447853.709964355
"2743",573197.278037129
"2744",259838.357855194
"2745",447853.709964355
"2746",635869.062073516
"2747",447853.709964355
"2748",573197.278037129
"2749",447853.709964355
"2750",635869.062073516
"2751",259838.357855194
"2752",573197.278037129
"2753",573197.278037129
"2754",635869.062073516
"2755",635869.062073516
"2756",259838.357855194
"2757",635869.062073516
"2758",447853.709964355
"2759",1011899.76629184
"2760",447853.709964355
"2761",259838.357855194
"2762",949227.982255451
"2763",635869.062073516
"2764",259838.357855194
"2765",447853.709964355
"2766",259838.357855194
"2767",447853.709964355
"2768",510525.494000742
"2769",259838.357855194
"2770",259838.357855194
"2771",573197.278037129
"2772",510525.494000742
"2773",447853.709964355
"2774",635869.062073516
"2775",385181.925927968
"2776",635869.062073516
"2777",635869.062073516
"2778",259838.357855194
"2779",259838.357855194
"2780",635869.062073516
"2781",823884.414182677
"2782",635869.062073516
"2783",635869.062073516
"2784",259838.357855194
"2785",259838.357855194
"2786",635869.062073516
"2787",698540.846109903
"2788",1137243.33436461
"2789",886556.198219064
"2790",573197.278037129
"2791",635869.062073516
"2792",259838.357855194
"2793",447853.709964355
"2794",635869.062073516
"2795",573197.278037129
"2796",259838.357855194
"2797",259838.357855194
"2798",259838.357855194
"2799",259838.357855194
"2800",698540.846109903
"2801",197166.573818808
"2802",259838.357855194
"2803",447853.709964355
"2804",259838.357855194
"2805",259838.357855194
"2806",259838.357855194
"2807",447853.709964355
"2808",259838.357855194
"2809",761212.63014629
"2810",385181.925927968
"2811",635869.062073516
"2812",510525.494000742
"2813",635869.062073516
"2814",635869.062073516
"2815",698540.846109903
"2816",635869.062073516
"2817",510525.494000742
"2818",510525.494000742
"2819",635869.062073516
"2820",385181.925927968
"2821",635869.062073516
"2822",447853.709964355
"2823",259838.357855194
"2824",635869.062073516
"2825",385181.925927968
"2826",823884.414182677
"2827",259838.357855194
"2828",447853.709964355
"2829",761212.63014629
"2830",259838.357855194
"2831",259838.357855194
"2832",761212.63014629
"2833",823884.414182677
"2834",259838.357855194
"2835",259838.357855194
"2836",635869.062073516
"2837",385181.925927968
"2838",510525.494000742
"2839",385181.925927968
"2840",510525.494000742
"2841",635869.062073516
"2842",385181.925927968
"2843",698540.846109903
"2844",635869.062073516
"2845",761212.63014629
"2846",573197.278037129
"2847",573197.278037129
"2848",635869.062073516
"2849",510525.494000742
"2850",447853.709964355
"2851",635869.062073516
"2852",259838.357855194
"2853",635869.062073516
"2854",259838.357855194
"2855",447853.709964355
"2856",886556.198219064
"2857",385181.925927968
"2858",949227.982255451
"2859",447853.709964355
"2860",886556.198219064
"2861",259838.357855194
"2862",635869.062073516
"2863",385181.925927968
"2864",573197.278037129
"2865",510525.494000742
"2866",573197.278037129
"2867",447853.709964355
"2868",573197.278037129
"2869",635869.062073516
"2870",573197.278037129
"2871",886556.198219064
"2872",635869.062073516
"2873",510525.494000742
"2874",635869.062073516
"2875",635869.062073516
"2876",259838.357855194
"2877",510525.494000742
"2878",259838.357855194
"2879",447853.709964355
"2880",698540.846109903
"2881",698540.846109903
"2882",510525.494000742
"2883",635869.062073516
"2884",510525.494000742
"2885",573197.278037129
"2886",510525.494000742
"2887",761212.63014629
"2888",385181.925927968
"2889",635869.062073516
"2890",510525.494000742
"2891",761212.63014629
"2892",259838.357855194
"2893",447853.709964355
"2894",635869.062073516
"2895",635869.062073516
"2896",259838.357855194
"2897",635869.062073516
"2898",823884.414182677
"2899",823884.414182677
"2900",447853.709964355
"2901",635869.062073516
"2902",761212.63014629
"2903",635869.062073516
"2904",635869.062073516
"2905",635869.062073516
"2906",259838.357855194
"2907",635869.062073516
"2908",573197.278037129
"2909",259838.357855194
"2910",259838.357855194
"2911",1011899.76629184
"2912",385181.925927968
"2913",886556.198219064
"2914",635869.062073516
"2915",886556.198219064
"2916",698540.846109903
"2917",510525.494000742
"2918",385181.925927968
"2919",1137243.33436461
"2920",635869.062073516
"2921",635869.062073516
"2922",259838.357855194
"2923",385181.925927968
"2924",259838.357855194
"2925",259838.357855194
"2926",635869.062073516
"2927",510525.494000742
"2928",385181.925927968
"2929",510525.494000742
"2930",447853.709964355
"2931",447853.709964355
"2932",635869.062073516
"2933",510525.494000742
"2934",823884.414182677
"2935",259838.357855194
"2936",197166.573818808
"2937",635869.062073516
"2938",447853.709964355
"2939",573197.278037129
"2940",447853.709964355
"2941",1137243.33436461
"2942",573197.278037129
"2943",259838.357855194
"2944",698540.846109903
"2945",385181.925927968
"2946",698540.846109903
"2947",635869.062073516
"2948",510525.494000742
"2949",447853.709964355
"2950",259838.357855194
"2951",447853.709964355
"2952",698540.846109903
"2953",259838.357855194
"2954",447853.709964355
"2955",635869.062073516
"2956",510525.494000742
"2957",510525.494000742
"2958",635869.062073516
"2959",259838.357855194
"2960",447853.709964355
"2961",385181.925927968
"2962",635869.062073516
"2963",447853.709964355
"2964",949227.982255451
"2965",447853.709964355
"2966",510525.494000742
"2967",635869.062073516
"2968",259838.357855194
"2969",573197.278037129
"2970",447853.709964355
"2971",259838.357855194
"2972",573197.278037129
"2973",447853.709964355
"2974",635869.062073516
"2975",635869.062073516
"2976",635869.062073516
"2977",259838.357855194
"2978",635869.062073516
"2979",573197.278037129
"2980",447853.709964355
"2981",886556.198219064
"2982",510525.494000742
"2983",259838.357855194
"2984",447853.709964355
"2985",635869.062073516
"2986",698540.846109903
"2987",259838.357855194
"2988",510525.494000742
"2989",1011899.76629184
"2990",510525.494000742
"2991",510525.494000742
"2992",573197.278037129
"2993",447853.709964355
"2994",385181.925927968
"2995",698540.846109903
"2996",259838.357855194
"2997",698540.846109903
"2998",259838.357855194
"2999",259838.357855194
"3000",447853.709964355
"3001",698540.846109903
"3002",886556.198219064
"3003",886556.198219064
"3004",761212.63014629
"3005",698540.846109903
"3006",698540.846109903
"3007",510525.494000742
"3008",259838.357855194
"3009",698540.846109903
"3010",197166.573818808
"3011",823884.414182677
"3012",635869.062073516
"3013",698540.846109903
"3014",635869.062073516
"3015",635869.062073516
"3016",635869.062073516
"3017",635869.062073516
"3018",447853.709964355
"3019",447853.709964355
"3020",385181.925927968
"3021",573197.278037129
"3022",573197.278037129
"3023",259838.357855194
"3024",385181.925927968
"3025",259838.357855194
"3026",635869.062073516
"3027",635869.062073516
"3028",447853.709964355
"3029",385181.925927968
"3030",635869.062073516
"3031",385181.925927968
"3032",635869.062073516
"3033",447853.709964355
"3034",635869.062073516
"3035",949227.982255451
"3036",635869.062073516
"3037",573197.278037129
"3038",573197.278037129
"3039",385181.925927968
"3040",698540.846109903
"3041",573197.278037129
"3042",510525.494000742
"3043",635869.062073516
"3044",886556.198219064
"3045",510525.494000742
"3046",635869.062073516
"3047",447853.709964355
"3048",698540.846109903
"3049",259838.357855194
"3050",510525.494000742
"3051",447853.709964355
"3052",573197.278037129
"3053",259838.357855194
"3054",573197.278037129
"3055",447853.709964355
"3056",447853.709964355
"3057",259838.357855194
"3058",886556.198219064
"3059",510525.494000742
"3060",573197.278037129
"3061",259838.357855194
"3062",635869.062073516
"3063",635869.062073516
"3064",886556.198219064
"3065",886556.198219064
"3066",259838.357855194
"3067",259838.357855194
"3068",635869.062073516
"3069",447853.709964355
"3070",761212.63014629
"3071",635869.062073516
"3072",573197.278037129
"3073",259838.357855194
"3074",385181.925927968
"3075",1450602.25454655
"3076",635869.062073516
"3077",510525.494000742
"3078",635869.062073516
"3079",259838.357855194
"3080",635869.062073516
"3081",447853.709964355
"3082",635869.062073516
"3083",635869.062073516
"3084",259838.357855194
"3085",510525.494000742
"3086",510525.494000742
"3087",510525.494000742
"3088",510525.494000742
"3089",259838.357855194
"3090",510525.494000742
"3091",635869.062073516
"3092",447853.709964355
"3093",635869.062073516
"3094",573197.278037129
"3095",886556.198219064
"3096",447853.709964355
"3097",698540.846109903
"3098",447853.709964355
"3099",259838.357855194
"3100",510525.494000742
"3101",259838.357855194
"3102",635869.062073516
"3103",447853.709964355
"3104",259838.357855194
"3105",259838.357855194
"3106",259838.357855194
"3107",447853.709964355
"3108",259838.357855194
"3109",259838.357855194
"3110",573197.278037129
"3111",259838.357855194
"3112",385181.925927968
"3113",635869.062073516
"3114",635869.062073516
"3115",259838.357855194
"3116",385181.925927968
"3117",510525.494000742
"3118",259838.357855194
"3119",447853.709964355
"3120",573197.278037129
"3121",447853.709964355
"3122",635869.062073516
"3123",385181.925927968
"3124",510525.494000742
"3125",635869.062073516
"3126",259838.357855194
"3127",385181.925927968
"3128",761212.63014629
"3129",761212.63014629
"3130",635869.062073516
"3131",259838.357855194
"3132",761212.63014629
"3133",447853.709964355
"3134",447853.709964355
"3135",886556.198219064
"3136",447853.709964355
"3137",510525.494000742
"3138",385181.925927968
"3139",259838.357855194
"3140",447853.709964355
"3141",447853.709964355
"3142",635869.062073516
"3143",635869.062073516
"3144",573197.278037129
"3145",447853.709964355
"3146",259838.357855194
"3147",510525.494000742
"3148",635869.062073516
"3149",259838.357855194
"3150",698540.846109903
"3151",259838.357855194
"3152",635869.062073516
"3153",635869.062073516
"3154",573197.278037129
"3155",510525.494000742
"3156",510525.494000742
"3157",447853.709964355
"3158",949227.982255451
"3159",259838.357855194
"3160",447853.709964355
"3161",510525.494000742
"3162",635869.062073516
"3163",573197.278037129
"3164",635869.062073516
"3165",510525.494000742
"3166",259838.357855194
"3167",447853.709964355
"3168",259838.357855194
"3169",635869.062073516
"3170",635869.062073516
"3171",635869.062073516
"3172",698540.846109903
"3173",635869.062073516
"3174",698540.846109903
"3175",635869.062073516
"3176",635869.062073516
"3177",510525.494000742
"3178",635869.062073516
"3179",510525.494000742
"3180",635869.062073516
"3181",259838.357855194
"3182",635869.062073516
"3183",510525.494000742
"3184",949227.982255451
"3185",635869.062073516
"3186",510525.494000742
"3187",447853.709964355
"3188",259838.357855194
"3189",510525.494000742
"3190",761212.63014629
"3191",259838.357855194
"3192",635869.062073516
"3193",385181.925927968
"3194",385181.925927968
"3195",635869.062073516
"3196",447853.709964355
"3197",635869.062073516
"3198",573197.278037129
"3199",447853.709964355
"3200",259838.357855194
"3201",886556.198219064
"3202",635869.062073516
"3203",635869.062073516
"3204",635869.062073516
"3205",447853.709964355
"3206",259838.357855194
"3207",259838.357855194
"3208",385181.925927968
"3209",761212.63014629
"3210",635869.062073516
"3211",635869.062073516
"3212",447853.709964355
"3213",447853.709964355
"3214",447853.709964355
"3215",573197.278037129
"3216",573197.278037129
"3217",447853.709964355
"3218",949227.982255451
"3219",823884.414182677
"3220",447853.709964355
"3221",510525.494000742
"3222",259838.357855194
"3223",259838.357855194
"3224",259838.357855194
"3225",259838.357855194
"3226",698540.846109903
"3227",447853.709964355
"3228",635869.062073516
"3229",510525.494000742
"3230",635869.062073516
"3231",635869.062073516
"3232",447853.709964355
"3233",447853.709964355
"3234",635869.062073516
"3235",259838.357855194
"3236",761212.63014629
"3237",886556.198219064
"3238",259838.357855194
"3239",1011899.76629184
"3240",447853.709964355
"3241",635869.062073516
"3242",635869.062073516
"3243",259838.357855194
"3244",259838.357855194
"3245",635869.062073516
"3246",635869.062073516
"3247",259838.357855194
"3248",510525.494000742
"3249",761212.63014629
"3250",385181.925927968
"3251",886556.198219064
"3252",573197.278037129
"3253",573197.278037129
"3254",635869.062073516
"3255",259838.357855194
"3256",259838.357855194
"3257",447853.709964355
"3258",698540.846109903
"3259",761212.63014629
"3260",573197.278037129
"3261",259838.357855194
"3262",385181.925927968
"3263",698540.846109903
"3264",698540.846109903
"3265",447853.709964355
"3266",635869.062073516
"3267",635869.062073516
"3268",259838.357855194
"3269",385181.925927968
"3270",698540.846109903
"3271",635869.062073516
"3272",635869.062073516
"3273",573197.278037129
"3274",385181.925927968
"3275",259838.357855194
"3276",447853.709964355
"3277",259838.357855194
"3278",510525.494000742
"3279",635869.062073516
"3280",259838.357855194
"3281",259838.357855194
"3282",259838.357855194
"3283",259838.357855194
"3284",886556.198219064
"3285",510525.494000742
"3286",447853.709964355
"3287",698540.846109903
"3288",259838.357855194
"3289",698540.846109903
"3290",447853.709964355
"3291",635869.062073516
"3292",635869.062073516
"3293",635869.062073516
"3294",447853.709964355
"3295",635869.062073516
"3296",447853.709964355
"3297",635869.062073516
"3298",510525.494000742
"3299",259838.357855194
"3300",259838.357855194
"3301",635869.062073516
"3302",510525.494000742
"3303",259838.357855194
"3304",573197.278037129
"3305",259838.357855194
"3306",259838.357855194
"3307",698540.846109903
"3308",635869.062073516
"3309",259838.357855194
"3310",447853.709964355
"3311",886556.198219064
"3312",573197.278037129
"3313",635869.062073516
"3314",259838.357855194
"3315",635869.062073516
"3316",635869.062073516
"3317",635869.062073516
"3318",259838.357855194
"3319",447853.709964355
"3320",635869.062073516
"3321",823884.414182677
"3322",573197.278037129
"3323",510525.494000742
"3324",385181.925927968
"3325",259838.357855194
"3326",635869.062073516
"3327",573197.278037129
"3328",259838.357855194
"3329",573197.278037129
"3330",385181.925927968
"3331",573197.278037129
"3332",573197.278037129
"3333",447853.709964355
"3334",635869.062073516
"3335",385181.925927968
"3336",447853.709964355
"3337",698540.846109903
"3338",1137243.33436461
"3339",635869.062073516
"3340",573197.278037129
"3341",447853.709964355
"3342",259838.357855194
"3343",447853.709964355
"3344",510525.494000742
"3345",635869.062073516
"3346",510525.494000742
"3347",447853.709964355
"3348",447853.709964355
"3349",635869.062073516
"3350",259838.357855194
"3351",385181.925927968
"3352",447853.709964355
"3353",635869.062073516
"3354",447853.709964355
"3355",447853.709964355
"3356",698540.846109903
"3357",698540.846109903
"3358",259838.357855194
"3359",447853.709964355
"3360",635869.062073516
"3361",573197.278037129
"3362",635869.062073516
"3363",823884.414182677
"3364",385181.925927968
"3365",259838.357855194
"3366",635869.062073516
"3367",259838.357855194
"3368",761212.63014629
"3369",385181.925927968
"3370",635869.062073516
"3371",635869.062073516
"3372",573197.278037129
"3373",259838.357855194
"3374",886556.198219064
"3375",259838.357855194
"3376",1074571.55032823
"3377",635869.062073516
"3378",635869.062073516
"3379",447853.709964355
"3380",447853.709964355
"3381",886556.198219064
"3382",259838.357855194
"3383",573197.278037129
"3384",635869.062073516
"3385",1011899.76629184
"3386",510525.494000742
"3387",635869.062073516
"3388",447853.709964355
"3389",635869.062073516
"3390",510525.494000742
"3391",573197.278037129
"3392",635869.062073516
"3393",259838.357855194
"3394",259838.357855194
"3395",635869.062073516
"3396",635869.062073516
"3397",447853.709964355
"3398",510525.494000742
"3399",259838.357855194
"3400",635869.062073516
"3401",698540.846109903
"3402",447853.709964355
"3403",1011899.76629184
"3404",635869.062073516
"3405",698540.846109903
"3406",698540.846109903
"3407",259838.357855194
"3408",761212.63014629
"3409",635869.062073516
"3410",635869.062073516
"3411",635869.062073516
"3412",635869.062073516
"3413",385181.925927968
"3414",259838.357855194
"3415",573197.278037129
"3416",573197.278037129
"3417",573197.278037129
"3418",573197.278037129
"3419",197166.573818808
"3420",573197.278037129
"3421",1074571.55032823
"3422",259838.357855194
"3423",573197.278037129
"3424",635869.062073516
"3425",698540.846109903
"3426",259838.357855194
"3427",385181.925927968
"3428",447853.709964355
"3429",635869.062073516
"3430",635869.062073516
"3431",635869.062073516
"3432",259838.357855194
"3433",635869.062073516
"3434",761212.63014629
"3435",447853.709964355
"3436",259838.357855194
"3437",635869.062073516
"3438",259838.357855194
"3439",259838.357855194
"3440",385181.925927968
"3441",886556.198219064
"3442",259838.357855194
"3443",510525.494000742
"3444",259838.357855194
"3445",573197.278037129
"3446",635869.062073516
"3447",698540.846109903
"3448",447853.709964355
"3449",635869.062073516
"3450",447853.709964355
"3451",761212.63014629
"3452",761212.63014629
"3453",259838.357855194
"3454",635869.062073516
"3455",573197.278037129
"3456",259838.357855194
"3457",259838.357855194
"3458",259838.357855194
"3459",698540.846109903
"3460",635869.062073516
"3461",385181.925927968
"3462",510525.494000742
"3463",259838.357855194
"3464",510525.494000742
"3465",259838.357855194
"3466",635869.062073516
"3467",259838.357855194
"3468",259838.357855194
"3469",573197.278037129
"3470",259838.357855194
"3471",573197.278037129
"3472",385181.925927968
"3473",886556.198219064
"3474",635869.062073516
"3475",635869.062073516
"3476",385181.925927968
"3477",259838.357855194
"3478",698540.846109903
"3479",573197.278037129
"3480",573197.278037129
"3481",447853.709964355
"3482",510525.494000742
"3483",259838.357855194
"3484",635869.062073516
"3485",573197.278037129
"3486",447853.709964355
"3487",761212.63014629
"3488",259838.357855194
"3489",447853.709964355
"3490",447853.709964355
"3491",447853.709964355
"3492",385181.925927968
"3493",510525.494000742
"3494",259838.357855194
"3495",259838.357855194
"3496",447853.709964355
"3497",259838.357855194
"3498",259838.357855194
"3499",510525.494000742
"3500",635869.062073516
"3501",385181.925927968
"3502",698540.846109903
"3503",573197.278037129
"3504",635869.062073516
"3505",635869.062073516
"3506",259838.357855194
"3507",447853.709964355
"3508",573197.278037129
"3509",573197.278037129
"3510",259838.357855194
"3511",635869.062073516
"3512",635869.062073516
"3513",259838.357855194
"3514",447853.709964355
"3515",823884.414182677
"3516",573197.278037129
"3517",635869.062073516
"3518",447853.709964355
"3519",447853.709964355
"3520",886556.198219064
"3521",259838.357855194
"3522",447853.709964355
"3523",259838.357855194
"3524",635869.062073516
"3525",823884.414182677
"3526",635869.062073516
"3527",259838.357855194
"3528",761212.63014629
"3529",447853.709964355
"3530",698540.846109903
"3531",823884.414182677
"3532",761212.63014629
"3533",447853.709964355
"3534",698540.846109903
"3535",635869.062073516
"3536",635869.062073516
"3537",823884.414182677
"3538",447853.709964355
"3539",259838.357855194
"3540",259838.357855194
"3541",259838.357855194
"3542",698540.846109903
"3543",197166.573818808
"3544",447853.709964355
"3545",635869.062073516
"3546",698540.846109903
"3547",573197.278037129
"3548",447853.709964355
"3549",635869.062073516
"3550",510525.494000742
"3551",447853.709964355
"3552",447853.709964355
"3553",259838.357855194
"3554",259838.357855194
"3555",635869.062073516
"3556",635869.062073516
"3557",635869.062073516
"3558",259838.357855194
"3559",635869.062073516
"3560",447853.709964355
"3561",823884.414182677
"3562",447853.709964355
"3563",385181.925927968
"3564",573197.278037129
"3565",635869.062073516
"3566",510525.494000742
"3567",635869.062073516
"3568",573197.278037129
"3569",447853.709964355
"3570",259838.357855194
"3571",635869.062073516
"3572",635869.062073516
"3573",259838.357855194
"3574",761212.63014629
"3575",823884.414182677
"3576",447853.709964355
"3577",573197.278037129
"3578",259838.357855194
"3579",259838.357855194
"3580",635869.062073516
"3581",635869.062073516
"3582",635869.062073516
"3583",761212.63014629
"3584",447853.709964355
"3585",573197.278037129
"3586",447853.709964355
"3587",573197.278037129
"3588",510525.494000742
"3589",259838.357855194
"3590",447853.709964355
"3591",385181.925927968
"3592",635869.062073516
"3593",761212.63014629
"3594",385181.925927968
"3595",635869.062073516
"3596",259838.357855194
"3597",635869.062073516
"3598",761212.63014629
"3599",635869.062073516
"3600",259838.357855194
"3601",259838.357855194
"3602",510525.494000742
"3603",635869.062073516
"3604",447853.709964355
"3605",573197.278037129
"3606",447853.709964355
"3607",259838.357855194
"3608",573197.278037129
"3609",1199915.118401
"3610",635869.062073516
"3611",259838.357855194
"3612",510525.494000742
"3613",259838.357855194
"3614",510525.494000742
"3615",1325258.68647377
"3616",510525.494000742
"3617",886556.198219064
"3618",447853.709964355
"3619",259838.357855194
"3620",635869.062073516
"3621",823884.414182677
"3622",259838.357855194
"3623",259838.357855194
"3624",197166.573818808
"3625",573197.278037129
"3626",259838.357855194
"3627",761212.63014629
"3628",385181.925927968
"3629",573197.278037129
"3630",385181.925927968
"3631",573197.278037129
"3632",259838.357855194
"3633",259838.357855194
"3634",635869.062073516
"3635",447853.709964355
"3636",573197.278037129
"3637",510525.494000742
"3638",761212.63014629
"3639",635869.062073516
"3640",259838.357855194
"3641",635869.062073516
"3642",259838.357855194
"3643",635869.062073516
"3644",573197.278037129
"3645",635869.062073516
"3646",823884.414182677
"3647",385181.925927968
"3648",510525.494000742
"3649",698540.846109903
"3650",761212.63014629
"3651",635869.062073516
"3652",635869.062073516
"3653",635869.062073516
"3654",573197.278037129
"3655",385181.925927968
"3656",447853.709964355
"3657",447853.709964355
"3658",886556.198219064
"3659",823884.414182677
"3660",635869.062073516
"3661",510525.494000742
"3662",698540.846109903
"3663",698540.846109903
"3664",447853.709964355
"3665",385181.925927968
"3666",761212.63014629
"3667",635869.062073516
"3668",447853.709964355
"3669",259838.357855194
"3670",510525.494000742
"3671",698540.846109903
"3672",259838.357855194
"3673",259838.357855194
"3674",385181.925927968
"3675",510525.494000742
"3676",635869.062073516
"3677",510525.494000742
"3678",447853.709964355
"3679",385181.925927968
"3680",886556.198219064
"3681",635869.062073516
"3682",886556.198219064
"3683",635869.062073516
"3684",447853.709964355
"3685",447853.709964355
"3686",698540.846109903
"3687",259838.357855194
"3688",635869.062073516
"3689",447853.709964355
"3690",447853.709964355
"3691",259838.357855194
"3692",635869.062073516
"3693",447853.709964355
"3694",447853.709964355
"3695",635869.062073516
"3696",886556.198219064
"3697",259838.357855194
"3698",635869.062073516
"3699",886556.198219064
"3700",510525.494000742
"3701",573197.278037129
"3702",823884.414182677
"3703",635869.062073516
"3704",385181.925927968
"3705",259838.357855194
"3706",447853.709964355
"3707",259838.357855194
"3708",259838.357855194
"3709",635869.062073516
"3710",635869.062073516
"3711",385181.925927968
"3712",259838.357855194
"3713",447853.709964355
"3714",447853.709964355
"3715",573197.278037129
"3716",447853.709964355
"3717",447853.709964355
"3718",259838.357855194
"3719",259838.357855194
"3720",635869.062073516
"3721",447853.709964355
"3722",259838.357855194
"3723",635869.062073516
"3724",635869.062073516
"3725",510525.494000742
"3726",447853.709964355
"3727",510525.494000742
"3728",635869.062073516
"3729",510525.494000742
"3730",635869.062073516
"3731",447853.709964355
"3732",635869.062073516
"3733",447853.709964355
"3734",573197.278037129
"3735",635869.062073516
"3736",886556.198219064
"3737",510525.494000742
"3738",447853.709964355
"3739",635869.062073516
"3740",259838.357855194
"3741",259838.357855194
"3742",761212.63014629
"3743",447853.709964355
"3744",447853.709964355
"3745",635869.062073516
"3746",259838.357855194
"3747",259838.357855194
"3748",823884.414182677
"3749",573197.278037129
"3750",259838.357855194
"3751",698540.846109903
"3752",510525.494000742
"3753",510525.494000742
"3754",385181.925927968
"3755",635869.062073516
"3756",385181.925927968
"3757",886556.198219064
"3758",510525.494000742
"3759",635869.062073516
"3760",1011899.76629184
"3761",259838.357855194
"3762",949227.982255451
"3763",635869.062073516
"3764",259838.357855194
"3765",259838.357855194
"3766",635869.062073516
"3767",823884.414182677
"3768",259838.357855194
"3769",635869.062073516
"3770",573197.278037129
"3771",510525.494000742
"3772",573197.278037129
"3773",259838.357855194
"3774",823884.414182677
"3775",510525.494000742
"3776",510525.494000742
"3777",447853.709964355
"3778",698540.846109903
"3779",447853.709964355
"3780",447853.709964355
"3781",573197.278037129
"3782",510525.494000742
"3783",447853.709964355
"3784",259838.357855194
"3785",1074571.55032823
"3786",510525.494000742
"3787",823884.414182677
"3788",886556.198219064
"3789",761212.63014629
"3790",635869.062073516
"3791",259838.357855194
"3792",635869.062073516
"3793",635869.062073516
"3794",1074571.55032823
"3795",635869.062073516
"3796",259838.357855194
"3797",510525.494000742
"3798",259838.357855194
"3799",447853.709964355
"3800",447853.709964355
"3801",259838.357855194
"3802",635869.062073516
"3803",761212.63014629
"3804",886556.198219064
"3805",510525.494000742
"3806",573197.278037129
"3807",510525.494000742
"3808",259838.357855194
"3809",635869.062073516
"3810",635869.062073516
"3811",573197.278037129
"3812",510525.494000742
"3813",823884.414182677
"3814",635869.062073516
"3815",447853.709964355
"3816",447853.709964355
"3817",447853.709964355
"3818",259838.357855194
"3819",635869.062073516
"3820",761212.63014629
"3821",635869.062073516
"3822",447853.709964355
"3823",510525.494000742
"3824",573197.278037129
"3825",259838.357855194
"3826",259838.357855194
"3827",385181.925927968
"3828",510525.494000742
"3829",510525.494000742
"3830",823884.414182677
"3831",259838.357855194
"3832",447853.709964355
"3833",823884.414182677
"3834",573197.278037129
"3835",635869.062073516
"3836",510525.494000742
"3837",259838.357855194
"3838",447853.709964355
"3839",886556.198219064
"3840",510525.494000742
"3841",573197.278037129
"3842",259838.357855194
"3843",761212.63014629
"3844",259838.357855194
"3845",447853.709964355
"3846",447853.709964355
"3847",259838.357855194
"3848",886556.198219064
"3849",573197.278037129
"3850",761212.63014629
"3851",635869.062073516
"3852",259838.357855194
"3853",385181.925927968
"3854",510525.494000742
"3855",635869.062073516
"3856",823884.414182677
"3857",259838.357855194
"3858",761212.63014629
"3859",573197.278037129
"3860",635869.062073516
"3861",949227.982255451
"3862",635869.062073516
"3863",510525.494000742
"3864",698540.846109903
"3865",573197.278037129
"3866",635869.062073516
"3867",635869.062073516
"3868",823884.414182677
"3869",1074571.55032823
"3870",698540.846109903
"3871",635869.062073516
"3872",573197.278037129
"3873",949227.982255451
"3874",886556.198219064
"3875",1011899.76629184
"3876",698540.846109903
"3877",635869.062073516
"3878",385181.925927968
"3879",635869.062073516
"3880",635869.062073516
"3881",510525.494000742
"3882",1011899.76629184
"3883",259838.357855194
"3884",635869.062073516
"3885",635869.062073516
"3886",1074571.55032823
"3887",886556.198219064
"3888",635869.062073516
"3889",510525.494000742
"3890",635869.062073516
"3891",635869.062073516
"3892",698540.846109903
"3893",698540.846109903
"3894",635869.062073516
"3895",635869.062073516
"3896",635869.062073516
"3897",698540.846109903
"3898",635869.062073516
"3899",886556.198219064
"3900",635869.062073516
"3901",510525.494000742
"3902",385181.925927968
"3903",698540.846109903
"3904",635869.062073516
"3905",635869.062073516
"3906",886556.198219064
"3907",573197.278037129
"3908",573197.278037129
"3909",635869.062073516
"3910",635869.062073516
"3911",886556.198219064
"3912",823884.414182677
"3913",635869.062073516
"3914",635869.062073516
"3915",447853.709964355
"3916",698540.846109903
"3917",698540.846109903
"3918",635869.062073516
"3919",635869.062073516
"3920",886556.198219064
"3921",823884.414182677
"3922",823884.414182677
"3923",635869.062073516
"3924",635869.062073516
"3925",385181.925927968
"3926",635869.062073516
"3927",573197.278037129
"3928",573197.278037129
"3929",573197.278037129
"3930",761212.63014629
"3931",886556.198219064
"3932",385181.925927968
"3933",886556.198219064
"3934",635869.062073516
"3935",823884.414182677
"3936",635869.062073516
"3937",635869.062073516
"3938",573197.278037129
"3939",635869.062073516
"3940",886556.198219064
"3941",886556.198219064
"3942",949227.982255451
"3943",635869.062073516
"3944",259838.357855194
"3945",635869.062073516
"3946",447853.709964355
"3947",635869.062073516
"3948",635869.062073516
"3949",635869.062073516
"3950",635869.062073516
"3951",635869.062073516
"3952",510525.494000742
"3953",698540.846109903
"3954",510525.494000742
"3955",635869.062073516
"3956",886556.198219064
"3957",886556.198219064
"3958",573197.278037129
"3959",635869.062073516
"3960",886556.198219064
"3961",635869.062073516
"3962",886556.198219064
"3963",886556.198219064
"3964",823884.414182677
"3965",698540.846109903
"3966",385181.925927968
"3967",573197.278037129
"3968",761212.63014629
"3969",698540.846109903
"3970",635869.062073516
"3971",573197.278037129
"3972",698540.846109903
"3973",761212.63014629
"3974",823884.414182677
"3975",823884.414182677
"3976",385181.925927968
"3977",635869.062073516
"3978",761212.63014629
"3979",1137243.33436461
"3980",823884.414182677
"3981",510525.494000742
"3982",886556.198219064
"3983",385181.925927968
"3984",698540.846109903
"3985",635869.062073516
"3986",635869.062073516
"3987",635869.062073516
"3988",635869.062073516
"3989",635869.062073516
"3990",823884.414182677
"3991",635869.062073516
"3992",698540.846109903
"3993",886556.198219064
"3994",635869.062073516
"3995",573197.278037129
"3996",385181.925927968
"3997",886556.198219064
"3998",698540.846109903
"3999",635869.062073516
"4000",886556.198219064
"4001",573197.278037129
"4002",886556.198219064
"4003",698540.846109903
"4004",573197.278037129
"4005",1074571.55032823
"4006",698540.846109903
"4007",698540.846109903
"4008",259838.357855194
"4009",635869.062073516
"4010",635869.062073516
"4011",447853.709964355
"4012",573197.278037129
"4013",635869.062073516
"4014",823884.414182677
"4015",635869.062073516
"4016",949227.982255451
"4017",635869.062073516
"4018",886556.198219064
"4019",447853.709964355
"4020",635869.062073516
"4021",761212.63014629
"4022",447853.709964355
"4023",1387930.47051016
"4024",385181.925927968
"4025",886556.198219064
"4026",635869.062073516
"4027",635869.062073516
"4028",635869.062073516
"4029",823884.414182677
"4030",698540.846109903
"4031",949227.982255451
"4032",635869.062073516
"4033",573197.278037129
"4034",698540.846109903
"4035",635869.062073516
"4036",635869.062073516
"4037",635869.062073516
"4038",573197.278037129
"4039",635869.062073516
"4040",1074571.55032823
"4041",259838.357855194
"4042",635869.062073516
"4043",635869.062073516
"4044",573197.278037129
"4045",886556.198219064
"4046",573197.278037129
"4047",635869.062073516
"4048",510525.494000742
"4049",573197.278037129
"4050",385181.925927968
"4051",635869.062073516
"4052",698540.846109903
"4053",635869.062073516
"4054",635869.062073516
"4055",510525.494000742
"4056",635869.062073516
"4057",823884.414182677
"4058",385181.925927968
"4059",949227.982255451
"4060",635869.062073516
"4061",510525.494000742
"4062",886556.198219064
"4063",635869.062073516
"4064",635869.062073516
"4065",635869.062073516
"4066",447853.709964355
"4067",823884.414182677
"4068",510525.494000742
"4069",698540.846109903
"4070",761212.63014629
"4071",698540.846109903
"4072",635869.062073516
"4073",823884.414182677
"4074",635869.062073516
"4075",635869.062073516
"4076",635869.062073516
"4077",761212.63014629
"4078",635869.062073516
"4079",573197.278037129
"4080",635869.062073516
"4081",573197.278037129
"4082",385181.925927968
"4083",635869.062073516
"4084",823884.414182677
"4085",259838.357855194
"4086",823884.414182677
"4087",510525.494000742
"4088",698540.846109903
"4089",510525.494000742
"4090",385181.925927968
"4091",761212.63014629
"4092",698540.846109903
"4093",886556.198219064
"4094",949227.982255451
"4095",635869.062073516
"4096",635869.062073516
"4097",635869.062073516
"4098",635869.062073516
"4099",573197.278037129
"4100",886556.198219064
"4101",635869.062073516
"4102",698540.846109903
"4103",573197.278037129
"4104",635869.062073516
"4105",761212.63014629
"4106",573197.278037129
"4107",823884.414182677
"4108",635869.062073516
"4109",510525.494000742
"4110",635869.062073516
"4111",635869.062073516
"4112",510525.494000742
"4113",635869.062073516
"4114",635869.062073516
"4115",447853.709964355
"4116",635869.062073516
"4117",823884.414182677
"4118",635869.062073516
"4119",635869.062073516
"4120",635869.062073516
"4121",573197.278037129
"4122",635869.062073516
"4123",635869.062073516
"4124",385181.925927968
"4125",761212.63014629
"4126",573197.278037129
"4127",635869.062073516
"4128",635869.062073516
"4129",635869.062073516
"4130",886556.198219064
"4131",886556.198219064
"4132",635869.062073516
"4133",635869.062073516
"4134",698540.846109903
"4135",886556.198219064
"4136",385181.925927968
"4137",635869.062073516
"4138",886556.198219064
"4139",447853.709964355
"4140",698540.846109903
"4141",385181.925927968
"4142",635869.062073516
"4143",447853.709964355
"4144",635869.062073516
"4145",823884.414182677
"4146",823884.414182677
"4147",385181.925927968
"4148",823884.414182677
"4149",635869.062073516
"4150",510525.494000742
"4151",573197.278037129
"4152",698540.846109903
"4153",635869.062073516
"4154",635869.062073516
"4155",385181.925927968
"4156",761212.63014629
"4157",573197.278037129
"4158",635869.062073516
"4159",886556.198219064
"4160",635869.062073516
"4161",573197.278037129
"4162",635869.062073516
"4163",635869.062073516
"4164",573197.278037129
"4165",385181.925927968
"4166",447853.709964355
"4167",823884.414182677
"4168",761212.63014629
"4169",698540.846109903
"4170",886556.198219064
"4171",635869.062073516
"4172",385181.925927968
"4173",886556.198219064
"4174",635869.062073516
"4175",886556.198219064
"4176",259838.357855194
"4177",573197.278037129
"4178",385181.925927968
"4179",635869.062073516
"4180",698540.846109903
"4181",886556.198219064
"4182",635869.062073516
"4183",886556.198219064
"4184",635869.062073516
"4185",385181.925927968
"4186",635869.062073516
"4187",949227.982255451
"4188",886556.198219064
"4189",573197.278037129
"4190",385181.925927968
"4191",823884.414182677
"4192",635869.062073516
"4193",635869.062073516
"4194",635869.062073516
"4195",886556.198219064
"4196",698540.846109903
"4197",761212.63014629
"4198",635869.062073516
"4199",886556.198219064
"4200",635869.062073516
"4201",510525.494000742
"4202",823884.414182677
"4203",385181.925927968
"4204",635869.062073516
"4205",949227.982255451
"4206",698540.846109903
"4207",698540.846109903
"4208",698540.846109903
"4209",635869.062073516
"4210",510525.494000742
"4211",886556.198219064
"4212",698540.846109903
"4213",886556.198219064
"4214",635869.062073516
"4215",385181.925927968
"4216",635869.062073516
"4217",635869.062073516
"4218",635869.062073516
"4219",635869.062073516
"4220",886556.198219064
"4221",635869.062073516
"4222",823884.414182677
"4223",573197.278037129
"4224",259838.357855194
"4225",949227.982255451
"4226",698540.846109903
"4227",635869.062073516
"4228",635869.062073516
"4229",197166.573818808
